file,duration
segment_627.wav,1.173015873015873
segment_756.wav,1.2780045351473923
segment_185.wav,1.2879818594104309
segment_320.wav,1.32
segment_2443.wav,1.3259863945578232
segment_1465.wav,1.36
segment_736.wav,1.38702947845805
segment_569.wav,1.433968253968254
segment_720.wav,1.445986394557823
segment_1564.wav,1.5370068027210884
segment_101.wav,1.546031746031746
segment_209.wav,1.5860317460317461
segment_1109.wav,1.6159637188208618
segment_1870.wav,1.6370068027210884
segment_140.wav,1.685986394557823
segment_783.wav,1.7340136054421769
segment_1205.wav,1.7570068027210883
segment_729.wav,1.7609977324263038
segment_102.wav,1.7669841269841269
segment_79.wav,1.7710204081632652
segment_2080.wav,1.7970068027210884
segment_1489.wav,1.8300226757369615
segment_1890.wav,1.8630385487528345
segment_187.wav,1.88
segment_1172.wav,1.9449886621315193
segment_2190.wav,1.9449886621315193
segment_377.wav,2.007981859410431
segment_2380.wav,2.0229931972789115
segment_302.wav,2.0229931972789115
segment_57.wav,2.026031746031746
segment_726.wav,2.0300226757369613
segment_1661.wav,2.0310204081632652
segment_1333.wav,2.047981859410431
segment_719.wav,2.0570068027210886
segment_2257.wav,2.058004535147392
segment_600.wav,2.068979591836735
segment_745.wav,2.0710204081632653
segment_199.wav,2.073015873015873
segment_628.wav,2.080997732426304
segment_17.wav,2.105986394557823
segment_651.wav,2.106984126984127
segment_1422.wav,2.1130158730158732
segment_305.wav,2.1170068027210887
segment_738.wav,2.139002267573696
segment_2451.wav,2.1439909297052155
segment_675.wav,2.15297052154195
segment_1525.wav,2.1619954648526076
segment_1430.wav,2.1639909297052156
segment_1488.wav,2.1760090702947847
segment_94.wav,2.1770068027210883
segment_1713.wav,2.1980045351473922
segment_96.wav,2.206031746031746
segment_2508.wav,2.2109750566893425
segment_1160.wav,2.2390022675736962
segment_1451.wav,2.25297052154195
segment_1720.wav,2.26
segment_1778.wav,2.2819954648526077
segment_313.wav,2.286031746031746
segment_268.wav,2.2990022675736963
segment_1857.wav,2.3039909297052152
segment_722.wav,2.3039909297052152
segment_2008.wav,2.334013605442177
segment_27.wav,2.3370068027210884
segment_589.wav,2.345034013605442
segment_58.wav,2.345986394557823
segment_656.wav,2.3649886621315193
segment_809.wav,2.3659863945578232
segment_618.wav,2.374013605442177
segment_1328.wav,2.392018140589569
segment_742.wav,2.399002267573696
segment_596.wav,2.4149659863945576
segment_206.wav,2.4279818594104308
segment_650.wav,2.439002267573696
segment_1496.wav,2.440997732426304
segment_658.wav,2.441995464852608
segment_2033.wav,2.45297052154195
segment_1552.wav,2.4630385487528343
segment_1642.wav,2.4760090702947846
segment_1599.wav,2.479002267573696
segment_1226.wav,2.4970068027210885
segment_621.wav,2.5109750566893423
segment_309.wav,2.5229931972789115
segment_1100.wav,2.5239909297052154
segment_797.wav,2.5249886621315194
segment_152.wav,2.5340136054421767
segment_51.wav,2.540997732426304
segment_1003.wav,2.5439909297052155
segment_1646.wav,2.5509750566893423
segment_2086.wav,2.56
segment_612.wav,2.5630385487528344
segment_1123.wav,2.566984126984127
segment_2201.wav,2.5760090702947847
segment_124.wav,2.580997732426304
segment_2323_1.wav,2.5829931972789115
segment_1483.wav,2.586984126984127
segment_376.wav,2.588027210884354
segment_2005.wav,2.6039909297052155
segment_681_1.wav,2.626984126984127
segment_310.wav,2.6370068027210882
segment_2138.wav,2.6409977324263036
segment_871.wav,2.6429931972789116
segment_914_1.wav,2.645986394557823
segment_1461.wav,2.6500226757369614
segment_1545.wav,2.6500226757369614
segment_1734_1.wav,2.653968253968254
segment_1930.wav,2.6619954648526076
segment_2483.wav,2.6629931972789116
segment_787.wav,2.66702947845805
segment_1342.wav,2.66702947845805
segment_702.wav,2.6710204081632654
segment_1495.wav,2.6760090702947847
segment_952.wav,2.6819954648526076
segment_716.wav,2.6829931972789116
segment_328.wav,2.68702947845805
segment_257.wav,2.6890249433106574
segment_45.wav,2.695011337868481
segment_267.wav,2.6970068027210883
segment_610.wav,2.699002267573696
segment_1976.wav,2.7030385487528346
segment_915_1.wav,2.706984126984127
segment_1206.wav,2.706984126984127
segment_1917.wav,2.7089795918367345
segment_2106.wav,2.7110204081632654
segment_285.wav,2.714013605442177
segment_2211.wav,2.7160090702947848
segment_150.wav,2.7209977324263037
segment_430.wav,2.724988662131519
segment_696.wav,2.7289795918367346
segment_207.wav,2.733015873015873
segment_1335_1.wav,2.7389569160997733
segment_1885.wav,2.7429931972789117
segment_699_1.wav,2.7509750566893425
segment_1819.wav,2.75297052154195
segment_91.wav,2.7629931972789117
segment_64.wav,2.766031746031746
segment_1193.wav,2.7819954648526077
segment_1089.wav,2.7829931972789117
segment_1620.wav,2.784988662131519
segment_241.wav,2.786984126984127
segment_1369.wav,2.7880272108843536
segment_198.wav,2.7989569160997734
segment_622.wav,2.804988662131519
segment_2357.wav,2.8079818594104307
segment_1229.wav,2.813015873015873
segment_1036.wav,2.815011337868481
segment_795.wav,2.815011337868481
segment_20.wav,2.8170068027210884
segment_2006.wav,2.8210430839002267
segment_1907.wav,2.826031746031746
segment_1327.wav,2.8299773242630386
segment_678.wav,2.832018140589569
segment_2172.wav,2.834013605442177
segment_1468.wav,2.846984126984127
segment_2340.wav,2.8489795918367347
segment_1934.wav,2.8499773242630386
segment_90.wav,2.854013605442177
segment_1714.wav,2.86
segment_1844.wav,2.8679818594104307
segment_403.wav,2.8770068027210884
segment_435.wav,2.8849886621315193
segment_1104.wav,2.8900226757369616
segment_1161.wav,2.892018140589569
segment_357.wav,2.894013605442177
segment_450.wav,2.8950113378684805
segment_1456.wav,2.900997732426304
segment_2412.wav,2.9030385487528343
segment_2126.wav,2.9079818594104307
segment_362_1.wav,2.9179591836734695
segment_1945.wav,2.919002267573696
segment_1035.wav,2.9279818594104308
segment_1701.wav,2.9290249433106577
segment_169.wav,2.9300226757369616
segment_1528_1.wav,2.9349659863945576
segment_1774.wav,2.9360090702947845
segment_874.wav,2.9440362811791383
segment_609.wav,2.9459863945578233
segment_1462.wav,2.9499773242630387
segment_698.wav,2.9499773242630387
segment_1806.wav,2.953015873015873
segment_1813.wav,2.9550113378684806
segment_483.wav,2.9550113378684806
segment_887.wav,2.9560090702947845
segment_957.wav,2.96
segment_461.wav,2.9639909297052154
segment_677.wav,2.9689795918367348
segment_1480.wav,2.9690249433106577
segment_1158.wav,2.971020408163265
segment_2428.wav,2.979002267573696
segment_2234.wav,2.9850340136054423
segment_2220.wav,2.9859863945578233
segment_2168.wav,2.992018140589569
segment_1632.wav,3.000997732426304
segment_940.wav,3.0039909297052154
segment_1838.wav,3.0099773242630388
segment_2067.wav,3.02
segment_2260.wav,3.026984126984127
segment_689.wav,3.0350113378684807
segment_932.wav,3.0350113378684807
segment_2457.wav,3.0369614512471657
segment_2228.wav,3.0419954648526075
segment_2103.wav,3.067981859410431
segment_266_1.wav,3.0719727891156463
segment_1217.wav,3.0729705215419503
segment_2361.wav,3.079002267573696
segment_939.wav,3.080997732426304
segment_1271.wav,3.080997732426304
segment_183.wav,3.080997732426304
segment_253.wav,3.093015873015873
segment_811.wav,3.093968253968254
segment_1655.wav,3.100997732426304
segment_1912.wav,3.1019954648526076
segment_314.wav,3.1029931972789115
segment_428.wav,3.1130158730158732
segment_840.wav,3.114965986394558
segment_254.wav,3.1150113378684807
segment_642.wav,3.1150113378684807
segment_561.wav,3.1219954648526076
segment_1765.wav,3.1239909297052155
segment_2384.wav,3.1249886621315195
segment_2472.wav,3.1249886621315195
segment_2098.wav,3.1300226757369614
segment_1685.wav,3.1319727891156464
segment_1498.wav,3.1429931972789116
segment_1481.wav,3.1439909297052155
segment_824.wav,3.145986394557823
segment_884.wav,3.146984126984127
segment_1129.wav,3.1629931972789116
segment_1775.wav,3.167981859410431
segment_292.wav,3.1689795918367345
segment_2240.wav,3.1719727891156464
segment_1938.wav,3.173968253968254
segment_590.wav,3.173968253968254
segment_1916.wav,3.1750113378684808
segment_264.wav,3.1810430839002266
segment_2256.wav,3.185986394557823
segment_2069.wav,3.193015873015873
segment_638.wav,3.1970068027210883
segment_687.wav,3.2
segment_2197_1.wav,3.2
segment_1553.wav,3.204988662131519
segment_1866.wav,3.2160090702947848
segment_382.wav,3.224988662131519
segment_2159.wav,3.226984126984127
segment_660.wav,3.246031746031746
segment_271.wav,3.246984126984127
segment_1378.wav,3.2490249433106575
segment_188.wav,3.255011337868481
segment_692.wav,3.26
segment_1320.wav,3.2680272108843536
segment_411.wav,3.2689795918367346
segment_242.wav,3.274013605442177
segment_2035.wav,3.2770068027210884
segment_2477.wav,3.2819954648526077
segment_1877.wav,3.2829931972789117
segment_1933.wav,3.2879818594104306
segment_455_1.wav,3.2899773242630386
segment_785.wav,3.2899773242630386
segment_1084.wav,3.294013605442177
segment_2470.wav,3.2969614512471654
segment_737.wav,3.300997732426304
segment_2331.wav,3.300997732426304
segment_1101.wav,3.305986394557823
segment_1504.wav,3.320997732426304
segment_1918.wav,3.324036281179138
segment_728.wav,3.3280272108843536
segment_1156.wav,3.3360090702947844
segment_941.wav,3.3370068027210884
segment_216.wav,3.34
segment_1478.wav,3.3479818594104307
segment_2038.wav,3.3479818594104307
segment_2353.wav,3.3480272108843536
segment_1957.wav,3.3480272108843536
segment_2286.wav,3.3510204081632655
segment_2151.wav,3.35297052154195
segment_2024.wav,3.35297052154195
segment_1979.wav,3.36
segment_2120.wav,3.360997732426304
segment_1414.wav,3.3679818594104307
segment_1892.wav,3.3689795918367347
segment_2402.wav,3.3689795918367347
segment_916.wav,3.3709750566893426
segment_1360.wav,3.379002267573696
segment_71.wav,3.3859863945578232
segment_1609.wav,3.3879818594104307
segment_1883.wav,3.3879818594104307
segment_752.wav,3.393015873015873
segment_1906.wav,3.3959637188208616
segment_480.wav,3.4039909297052153
segment_531.wav,3.4059863945578233
segment_1041.wav,3.420997732426304
segment_1211.wav,3.4229931972789114
segment_803.wav,3.4259863945578233
segment_1540_1.wav,3.426984126984127
segment_2458.wav,3.432018140589569
segment_1761.wav,3.434013605442177
segment_1444.wav,3.4439909297052154
segment_2336.wav,3.451020408163265
segment_1651.wav,3.453015873015873
segment_1323.wav,3.4640362811791383
segment_2104.wav,3.4649886621315193
segment_1942.wav,3.4649886621315193
segment_1452.wav,3.4670294784580498
segment_274_2.wav,3.4689795918367348
segment_1264.wav,3.4700226757369617
segment_2091.wav,3.4709750566893423
segment_2147.wav,3.472018140589569
segment_495.wav,3.4760090702947846
segment_8_1.wav,3.4769614512471656
segment_270.wav,3.4770068027210885
segment_491.wav,3.479002267573696
segment_490.wav,3.479002267573696
segment_1433.wav,3.4859863945578233
segment_2236.wav,3.48702947845805
segment_829.wav,3.498004535147392
segment_1637.wav,3.499002267573696
segment_706.wav,3.5
segment_1019.wav,3.506984126984127
segment_1590.wav,3.513015873015873
segment_103_2.wav,3.513968253968254
segment_1841.wav,3.519002267573696
segment_978.wav,3.5239909297052154
segment_2499_1.wav,3.525986394557823
segment_1476.wav,3.526031746031746
segment_1039.wav,3.52702947845805
segment_256.wav,3.5349659863945577
segment_2280.wav,3.5439909297052155
segment_217_1.wav,3.546984126984127
segment_544.wav,3.546984126984127
segment_2189.wav,3.5649886621315194
segment_813.wav,3.566031746031746
segment_2109.wav,3.566984126984127
segment_576.wav,3.5749659863945578
segment_414.wav,3.578004535147392
segment_715.wav,3.5819954648526076
segment_552.wav,3.5819954648526076
segment_1153.wav,3.598004535147392
segment_2202_1.wav,3.6019954648526076
segment_516.wav,3.6029931972789115
segment_816.wav,3.6029931972789115
segment_1380.wav,3.60702947845805
segment_340.wav,3.60702947845805
segment_551.wav,3.609024943310658
segment_1486.wav,3.6119727891156463
segment_175.wav,3.62
segment_1396.wav,3.6239909297052155
segment_903.wav,3.6240362811791385
segment_2032.wav,3.633015873015873
segment_1132.wav,3.633968253968254
segment_2101.wav,3.6379591836734693
segment_2249.wav,3.64
segment_2284.wav,3.64
segment_53.wav,3.644988662131519
segment_766.wav,3.6509750566893424
segment_2156.wav,3.6519727891156464
segment_54.wav,3.6619954648526076
segment_894.wav,3.665986394557823
segment_1078.wav,3.666984126984127
segment_885.wav,3.6700226757369614
segment_1249.wav,3.6710204081632654
segment_1941_1.wav,3.6809977324263037
segment_2061.wav,3.6889795918367345
segment_862.wav,3.6980045351473922
segment_2362.wav,3.705034013605442
segment_75.wav,3.705034013605442
segment_1681.wav,3.705986394557823
segment_497_1.wav,3.706984126984127
segment_1849.wav,3.708027210884354
segment_2066.wav,3.7119727891156464
segment_492.wav,3.7180045351473923
segment_437.wav,3.7209977324263037
segment_533.wav,3.7219954648526077
segment_378.wav,3.7229931972789116
segment_2421_1.wav,3.7229931972789116
segment_375.wav,3.7299773242630385
segment_1602.wav,3.733968253968254
segment_1531.wav,3.735011337868481
segment_1874.wav,3.736009070294785
segment_1561.wav,3.74
segment_1593.wav,3.7419954648526077
segment_1509.wav,3.747981859410431
segment_1867.wav,3.7509750566893425
segment_2158.wav,3.753015873015873
segment_936.wav,3.7560090702947844
segment_956.wav,3.7609977324263038
segment_321.wav,3.76702947845805
segment_1494.wav,3.7689795918367346
segment_323.wav,3.7700226757369615
segment_2021.wav,3.7709750566893425
segment_73.wav,3.774013605442177
segment_2414.wav,3.78
segment_901.wav,3.78
segment_1081.wav,3.7830385487528346
segment_2184.wav,3.7830385487528346
segment_161.wav,3.7839909297052152
segment_370.wav,3.785986394557823
segment_2217.wav,3.786031746031746
segment_2468.wav,3.7909750566893425
segment_2316.wav,3.791972789115646
segment_1487.wav,3.7990022675736963
segment_989.wav,3.8
segment_1209.wav,3.8019954648526078
segment_1961.wav,3.8020408163265307
segment_2293.wav,3.805986394557823
segment_714.wav,3.8090249433106576
segment_511.wav,3.812018140589569
segment_587.wav,3.813968253968254
segment_1702.wav,3.8180045351473924
segment_1812.wav,3.8180045351473924
segment_701.wav,3.8219954648526078
segment_2155.wav,3.8239909297052153
segment_1492.wav,3.835011337868481
segment_132_2.wav,3.835011337868481
segment_381.wav,3.835011337868481
segment_493.wav,3.84
segment_1524.wav,3.854013605442177
segment_481.wav,3.855011337868481
segment_2114.wav,3.8559637188208615
segment_2474.wav,3.8589569160997734
segment_886.wav,3.86
segment_1358.wav,3.860997732426304
segment_1696.wav,3.861995464852608
segment_47.wav,3.8869841269841268
segment_1704.wav,3.8899773242630387
segment_617.wav,3.890975056689342
segment_1095.wav,3.894965986394558
segment_1484.wav,3.8970068027210885
segment_1858_1.wav,3.9029931972789114
segment_1529.wav,3.9070294784580497
segment_2456.wav,3.9090249433106576
segment_1940.wav,3.914013605442177
segment_1654.wav,3.914013605442177
segment_717.wav,3.9180045351473924
segment_730.wav,3.9299773242630387
segment_648.wav,3.9299773242630387
segment_943.wav,3.933015873015873
segment_93.wav,3.9350113378684806
segment_1424.wav,3.9350113378684806
segment_821.wav,3.9380045351473925
segment_2298.wav,3.9429931972789114
segment_2227.wav,3.9459863945578233
segment_208.wav,3.9509750566893422
segment_83.wav,3.952018140589569
segment_2014.wav,3.95297052154195
segment_1361.wav,3.9550113378684806
segment_721.wav,3.9580045351473925
segment_2071.wav,3.96
segment_2079.wav,3.960997732426304
segment_1999.wav,3.960997732426304
segment_794.wav,3.9629931972789114
segment_1267.wav,3.9660317460317462
segment_798.wav,3.9689795918367348
segment_2137_1.wav,3.9759637188208616
segment_352.wav,3.9770068027210885
segment_189.wav,3.98
segment_1308.wav,3.9840362811791383
segment_1062.wav,3.9849886621315194
segment_2442.wav,3.9849886621315194
segment_246.wav,3.9880272108843537
segment_1219.wav,3.9890249433106577
segment_2374.wav,3.992018140589569
segment_299.wav,3.993015873015873
segment_2307.wav,3.9970068027210885
segment_1416.wav,4.005986394557823
segment_1959.wav,4.011020408163265
segment_996.wav,4.015011337868481
segment_1006.wav,4.0180045351473925
segment_1842.wav,4.02
segment_108.wav,4.020997732426304
segment_1521.wav,4.020997732426304
segment_904.wav,4.025986394557823
segment_682.wav,4.036009070294784
segment_154_1.wav,4.0429931972789115
segment_59.wav,4.043990929705215
segment_1016.wav,4.045986394557823
segment_1880.wav,4.048027210884354
segment_607.wav,4.050975056689342
segment_2010.wav,4.056009070294785
segment_526.wav,4.059002267573696
segment_760.wav,4.06
segment_653.wav,4.06
segment_68.wav,4.065986394557823
segment_1736.wav,4.073015873015873
segment_1727.wav,4.075011337868481
segment_1208.wav,4.075963718820861
segment_2346.wav,4.077006802721089
segment_347.wav,4.078004535147392
segment_938_1.wav,4.078956916099774
segment_195_1.wav,4.083990929705215
segment_72_1.wav,4.089977324263039
segment_226.wav,4.090975056689342
segment_1474.wav,4.1
segment_34_1.wav,4.1039909297052155
segment_666.wav,4.105986394557823
segment_120.wav,4.105986394557823
segment_1516.wav,4.108979591836735
segment_1604.wav,4.116009070294784
segment_1037_1.wav,4.131972789115646
segment_1497.wav,4.133015873015873
segment_2397.wav,4.134013605442177
segment_1235.wav,4.13501133786848
segment_2376.wav,4.138004535147393
segment_946.wav,4.138004535147393
segment_1227.wav,4.139002267573696
segment_2524.wav,4.1459863945578235
segment_801.wav,4.151972789115646
segment_992.wav,4.157006802721089
segment_162.wav,4.16
segment_805.wav,4.16
segment_1053.wav,4.161995464852608
segment_1811.wav,4.163990929705215
segment_881.wav,4.1670294784580495
segment_2041.wav,4.169024943310657
segment_2453.wav,4.17297052154195
segment_1453.wav,4.17297052154195
segment_1555.wav,4.180997732426304
segment_2370.wav,4.190022675736961
segment_750.wav,4.193015873015873
segment_2034.wav,4.194013605442177
segment_1636.wav,4.2
segment_1943.wav,4.204036281179138
segment_2145.wav,4.20498866213152
segment_1664.wav,4.206984126984127
segment_929.wav,4.2070294784580495
segment_2484.wav,4.210022675736962
segment_1359.wav,4.214965986394557
segment_1768.wav,4.21501133786848
segment_2460.wav,4.21795918367347
segment_335.wav,4.219002267573696
segment_494.wav,4.2259863945578235
segment_1958.wav,4.2259863945578235
segment_981.wav,4.2300226757369614
segment_1203.wav,4.238004535147392
segment_2146.wav,4.239002267573696
segment_2358.wav,4.241995464852608
segment_2438.wav,4.242993197278912
segment_151.wav,4.243990929705215
segment_2365.wav,4.24498866213152
segment_1686.wav,4.2450340136054425
segment_1896.wav,4.2450340136054425
segment_565.wav,4.2450340136054425
segment_2092.wav,4.252018140589569
segment_1189.wav,4.258004535147392
segment_1579.wav,4.258956916099773
segment_2378.wav,4.27297052154195
segment_1865.wav,4.275011337868481
segment_711.wav,4.283990929705215
segment_2345.wav,4.2890249433106575
segment_1607.wav,4.293015873015873
segment_1371.wav,4.299002267573696
segment_1270.wav,4.309977324263039
segment_1630_1.wav,4.321995464852607
segment_614.wav,4.323038548752835
segment_2278.wav,4.337006802721088
segment_872.wav,4.337006802721088
segment_1442.wav,4.337006802721088
segment_2381.wav,4.342993197278911
segment_1306.wav,4.343990929705216
segment_826.wav,4.344988662131519
segment_1856.wav,4.355011337868481
segment_1025.wav,4.355011337868481
segment_796.wav,4.3560090702947845
segment_645.wav,4.358004535147392
segment_1520.wav,4.36
segment_1115_1.wav,4.361995464852607
segment_1490.wav,4.370975056689343
segment_1922.wav,4.370975056689343
segment_499.wav,4.3710204081632655
segment_529.wav,4.371972789115646
segment_1491.wav,4.3750113378684805
segment_476.wav,4.38
segment_1886.wav,4.383038548752834
segment_228_2.wav,4.383990929705216
segment_605.wav,4.383990929705216
segment_867.wav,4.383990929705216
segment_977.wav,4.385986394557823
segment_837.wav,4.388979591836734
segment_1730.wav,4.388979591836734
segment_1131.wav,4.390022675736962
segment_1279.wav,4.394013605442177
segment_146.wav,4.397006802721088
segment_1482.wav,4.4
segment_649.wav,4.401995464852607
segment_2263.wav,4.408027210884354
segment_1363.wav,4.408027210884354
segment_1556.wav,4.411972789115646
segment_86.wav,4.4150113378684805
segment_155.wav,4.42
segment_1692.wav,4.424988662131519
segment_442.wav,4.425986394557823
segment_1475.wav,4.436961451247165
segment_196_2.wav,4.44
segment_44.wav,4.442993197278912
segment_2193.wav,4.443990929705215
segment_474.wav,4.44702947845805
segment_462.wav,4.448027210884354
segment_1411.wav,4.450022675736961
segment_1146.wav,4.450975056689343
segment_1093.wav,4.453015873015873
segment_2143.wav,4.455011337868481
segment_110.wav,4.455963718820862
segment_1448.wav,4.458004535147392
segment_1080.wav,4.459002267573696
segment_387.wav,4.4609977324263035
segment_2334.wav,4.461995464852608
segment_920.wav,4.473015873015873
segment_351.wav,4.474965986394558
segment_2097.wav,4.475963718820862
segment_741.wav,4.476009070294785
segment_319.wav,4.476009070294785
segment_1263.wav,4.48
segment_566.wav,4.4819954648526075
segment_2305.wav,4.482993197278912
segment_2319.wav,4.487981859410431
segment_1666.wav,4.487981859410431
segment_205.wav,4.488027210884353
segment_1526.wav,4.489977324263038
segment_1390.wav,4.491020408163266
segment_1884.wav,4.4970068027210885
segment_1501.wav,4.4970068027210885
segment_1218.wav,4.5009977324263035
segment_577.wav,4.503038548752834
segment_1291.wav,4.503990929705216
segment_1978.wav,4.509024943310657
segment_2320_1.wav,4.518956916099773
segment_1665_1.wav,4.518956916099773
segment_60.wav,4.519002267573696
segment_733.wav,4.52
segment_2074.wav,4.520997732426304
segment_1427.wav,4.5219954648526075
segment_2219.wav,4.522993197278912
segment_2037.wav,4.524988662131519
segment_417.wav,4.528027210884353
segment_636.wav,4.531020408163266
segment_1134.wav,4.533015873015873
segment_1088.wav,4.533968253968254
segment_2022.wav,4.535011337868481
segment_291.wav,4.535011337868481
segment_1471.wav,4.5390022675736965
segment_2062.wav,4.540997732426304
segment_974.wav,4.544988662131519
segment_479.wav,4.553015873015873
segment_709.wav,4.562993197278912
segment_1732.wav,4.562993197278912
segment_1633.wav,4.568027210884353
segment_1769.wav,4.573968253968254
segment_1522.wav,4.5790022675736965
segment_1251.wav,4.583990929705215
segment_122.wav,4.593015873015873
segment_1970.wav,4.594013605442177
segment_1820.wav,4.600997732426304
segment_1338.wav,4.600997732426304
segment_727.wav,4.6039909297052155
segment_1904.wav,4.605034013605442
segment_2413.wav,4.611972789115646
segment_560.wav,4.617006802721089
segment_1569.wav,4.618004535147392
segment_1882.wav,4.62
segment_1606.wav,4.6249886621315195
segment_2000.wav,4.625986394557823
segment_2496.wav,4.6270294784580495
segment_1008.wav,4.629024943310657
segment_1872.wav,4.631972789115646
segment_802.wav,4.634013605442177
segment_822.wav,4.63501133786848
segment_724.wav,4.64
segment_2462.wav,4.6440362811791385
segment_244_1.wav,4.650975056689342
segment_2001.wav,4.653015873015873
segment_67.wav,4.658004535147392
segment_1204.wav,4.66
segment_1011.wav,4.66
segment_2056.wav,4.6649886621315195
segment_1829.wav,4.666031746031746
segment_2076.wav,4.667981859410431
segment_1082.wav,4.667981859410431
segment_1658.wav,4.669024943310657
segment_808.wav,4.67501133786848
segment_1185.wav,4.683990929705216
segment_2028.wav,4.686984126984127
segment_1689.wav,4.690022675736961
segment_539.wav,4.694965986394558
segment_858.wav,4.695011337868481
segment_2523.wav,4.699002267573696
segment_1493.wav,4.702993197278912
segment_1007.wav,4.70498866213152
segment_1788.wav,4.708027210884354
segment_1165.wav,4.710022675736962
segment_734.wav,4.714013605442177
segment_1241.wav,4.71501133786848
segment_2163.wav,4.71501133786848
segment_664.wav,4.716009070294785
segment_356.wav,4.721995464852608
segment_290.wav,4.7259863945578235
segment_2373.wav,4.726984126984127
segment_312.wav,4.727981859410431
segment_1754.wav,4.730975056689342
segment_1992.wav,4.734013605442177
segment_2231.wav,4.736961451247166
segment_2504.wav,4.739002267573696
segment_35.wav,4.741995464852608
segment_2242.wav,4.744036281179138
segment_1023.wav,4.745986394557823
segment_1860.wav,4.753015873015873
segment_655.wav,4.756009070294785
segment_1245.wav,4.756009070294785
segment_1643.wav,4.757006802721088
segment_2224.wav,4.760997732426304
segment_1086.wav,4.764988662131519
segment_1232.wav,4.765986394557823
segment_1947.wav,4.7699773242630386
segment_2481.wav,4.779002267573696
segment_1287.wav,4.783990929705215
segment_56.wav,4.786984126984127
segment_2335.wav,4.794013605442177
segment_400_1.wav,4.796961451247165
segment_2383_1.wav,4.798956916099773
segment_173.wav,4.803990929705216
segment_1294.wav,4.807981859410431
segment_2347.wav,4.810975056689342
segment_2330.wav,4.8120181405895694
segment_2171.wav,4.813968253968254
segment_1603.wav,4.8140136054421765
segment_688.wav,4.818004535147392
segment_1836.wav,4.82702947845805
segment_501.wav,4.827981859410431
segment_1789.wav,4.828979591836735
segment_2379.wav,4.832018140589569
segment_2149_1.wav,4.8349659863945575
segment_172.wav,4.836009070294785
segment_1261.wav,4.839002267573696
segment_1280.wav,4.841995464852608
segment_970.wav,4.843990929705216
segment_880.wav,4.859002267573696
segment_1523.wav,4.862993197278912
segment_2297.wav,4.863038548752835
segment_1366.wav,4.870022675736961
segment_1868.wav,4.872018140589569
segment_2011.wav,4.8789569160997734
segment_2136_2.wav,4.879002267573696
segment_2239.wav,4.88
segment_1547.wav,4.881043083900226
segment_1192.wav,4.882993197278911
segment_265.wav,4.883990929705216
segment_1374.wav,4.885034013605442
segment_361.wav,4.890022675736962
segment_156.wav,4.890975056689342
segment_95.wav,4.890975056689342
segment_1747.wav,4.89297052154195
segment_348.wav,4.9
segment_740.wav,4.904988662131519
segment_1577.wav,4.908027210884354
segment_1259.wav,4.910022675736961
segment_2225.wav,4.912018140589569
segment_2478.wav,4.918004535147392
segment_1898.wav,4.922993197278911
segment_78.wav,4.923990929705216
segment_2479.wav,4.924988662131519
segment_145.wav,4.929024943310657
segment_640.wav,4.9320181405895696
segment_1578.wav,4.939002267573696
segment_755.wav,4.94
segment_644.wav,4.941995464852607
segment_953.wav,4.956009070294785
segment_18_1.wav,4.957959183673469
segment_1392.wav,4.97297052154195
segment_1436.wav,4.985034013605442
segment_2215.wav,4.985986394557823
segment_673.wav,4.993968253968254
segment_1709.wav,5.0029931972789115
segment_1615.wav,5.004988662131519
segment_2129.wav,5.009024943310657
segment_2352.wav,5.014965986394558
segment_2253.wav,5.017006802721088
segment_594.wav,5.022993197278912
segment_754.wav,5.023990929705215
segment_449.wav,5.041995464852608
segment_1393.wav,5.044036281179138
segment_567.wav,5.060997732426304
segment_2393.wav,5.0619954648526075
segment_2390.wav,5.068979591836735
segment_1638.wav,5.076009070294784
segment_1419.wav,5.08
segment_1194.wav,5.080997732426304
segment_1265.wav,5.081995464852608
segment_165.wav,5.086031746031746
segment_1515.wav,5.092018140589569
segment_1909.wav,5.095011337868481
segment_1662.wav,5.09795918367347
segment_1848.wav,5.101995464852608
segment_1726.wav,5.105986394557823
segment_1572.wav,5.106031746031746
segment_1535.wav,5.109977324263038
segment_22.wav,5.11297052154195
segment_2205.wav,5.126984126984127
segment_1507.wav,5.126984126984127
segment_654.wav,5.129977324263039
segment_604_1.wav,5.130975056689342
segment_1889.wav,5.131972789115646
segment_1845.wav,5.137006802721088
segment_1508.wav,5.139002267573696
segment_478.wav,5.1459863945578235
segment_851.wav,5.1479818594104305
segment_1163.wav,5.149024943310658
segment_1046_1.wav,5.156961451247166
segment_905.wav,5.159002267573696
segment_1573.wav,5.162993197278912
segment_1792_1.wav,5.166984126984127
segment_2377.wav,5.1670294784580495
segment_889.wav,5.167981859410431
segment_2405.wav,5.174013605442177
segment_197.wav,5.174013605442177
segment_2044.wav,5.174013605442177
segment_1221.wav,5.180997732426304
segment_273.wav,5.180997732426304
segment_1295.wav,5.181995464852608
segment_697.wav,5.189024943310658
segment_40.wav,5.1899773242630385
segment_1988.wav,5.193015873015873
segment_1318.wav,5.193015873015873
segment_1216.wav,5.198004535147392
segment_2350.wav,5.2
segment_2302.wav,5.200997732426304
segment_572_2.wav,5.200997732426304
segment_1897.wav,5.202993197278912
segment_573.wav,5.205986394557823
segment_70.wav,5.206031746031746
segment_2274_2.wav,5.2089795918367345
segment_1605.wav,5.217006802721088
segment_129.wav,5.219002267573696
segment_317.wav,5.222993197278911
segment_1608.wav,5.226984126984127
segment_2165.wav,5.22702947845805
segment_1344.wav,5.230975056689342
segment_2040.wav,5.230975056689342
segment_1372.wav,5.2319727891156464
segment_1920.wav,5.237006802721089
segment_637.wav,5.24
segment_770.wav,5.243038548752835
segment_684.wav,5.244036281179138
segment_2315.wav,5.2450340136054425
segment_923.wav,5.245986394557823
segment_301.wav,5.246031746031746
segment_1252.wav,5.247981859410431
segment_519.wav,5.251020408163265
segment_1706.wav,5.252018140589569
segment_2128.wav,5.25297052154195
segment_990.wav,5.257006802721088
segment_1994.wav,5.264036281179139
segment_2135.wav,5.275011337868481
segment_2475.wav,5.275011337868481
segment_1589.wav,5.276009070294784
segment_774.wav,5.28
segment_404.wav,5.280997732426304
segment_933.wav,5.283990929705215
segment_1432.wav,5.287981859410431
segment_1716.wav,5.291972789115646
segment_691.wav,5.2929705215419505
segment_912.wav,5.296009070294785
segment_849.wav,5.303990929705216
segment_1548.wav,5.305986394557823
segment_2258.wav,5.308027210884354
segment_1159.wav,5.308979591836735
segment_1571.wav,5.315011337868481
segment_1183.wav,5.316009070294784
segment_1502.wav,5.316009070294784
segment_1454.wav,5.318004535147392
segment_515.wav,5.322993197278912
segment_393.wav,5.326984126984127
segment_1708.wav,5.329977324263038
segment_835.wav,5.3349659863945575
segment_2265.wav,5.338004535147392
segment_712.wav,5.34
segment_1688.wav,5.341995464852608
segment_1387.wav,5.344988662131519
segment_413.wav,5.347981859410431
segment_2042.wav,5.348979591836735
segment_2187.wav,5.355011337868481
segment_2515.wav,5.359002267573696
segment_1466.wav,5.360997732426304
segment_772_1.wav,5.361995464852607
segment_1629.wav,5.366984126984127
segment_1460.wav,5.367981859410431
segment_2200.wav,5.372018140589569
segment_2520.wav,5.373015873015873
segment_2111.wav,5.377959183673469
segment_89.wav,5.380997732426303
segment_541.wav,5.389024943310657
segment_36_2.wav,5.403990929705215
segment_2426.wav,5.404988662131519
segment_2192.wav,5.405986394557823
segment_1835.wav,5.407981859410431
segment_1458.wav,5.408979591836735
segment_793.wav,5.409024943310658
segment_563.wav,5.409024943310658
segment_768.wav,5.411020408163266
segment_1721.wav,5.4150113378684805
segment_383.wav,5.419002267573696
segment_1213.wav,5.419002267573696
segment_2002.wav,5.421995464852608
segment_48.wav,5.426984126984127
segment_1079.wav,5.427981859410431
segment_2150_2.wav,5.428027210884354
segment_1746.wav,5.429024943310657
segment_496_1.wav,5.430975056689342
segment_807.wav,5.431972789115647
segment_2245.wav,5.4360090702947845
segment_1293.wav,5.4380045351473925
segment_443.wav,5.439002267573696
segment_424.wav,5.443990929705215
segment_948_1.wav,5.444988662131519
segment_1763.wav,5.447981859410431
segment_471.wav,5.447981859410431
segment_2233.wav,5.447981859410431
segment_732.wav,5.452018140589569
segment_330.wav,5.452018140589569
segment_157.wav,5.453015873015873
segment_153.wav,5.455963718820862
segment_2375.wav,5.456961451247166
segment_1667.wav,5.46
segment_538.wav,5.466031746031746
segment_2395_1.wav,5.467981859410431
segment_1240.wav,5.470022675736962
segment_2512.wav,5.471972789115647
segment_2454.wav,5.475011337868481
segment_14.wav,5.489024943310658
segment_2473.wav,5.490022675736961
segment_1648.wav,5.493015873015873
segment_1401.wav,5.495011337868481
segment_191.wav,5.498004535147392
segment_2511.wav,5.498004535147392
segment_1506.wav,5.4990022675736965
segment_882.wav,5.507981859410431
segment_97.wav,5.511972789115647
segment_1350.wav,5.516009070294785
segment_2119.wav,5.516009070294785
segment_1428.wav,5.517006802721088
segment_1613.wav,5.520997732426304
segment_987.wav,5.526031746031746
segment_2088.wav,5.52798185941043
segment_1152.wav,5.535011337868481
segment_1273.wav,5.536009070294784
segment_2025_1.wav,5.538956916099774
segment_1956.wav,5.5390022675736965
segment_1993.wav,5.5429931972789115
segment_1981.wav,5.543990929705215
segment_2123_1.wav,5.550975056689342
segment_126.wav,5.551020408163265
segment_2072.wav,5.559002267573696
segment_1.wav,5.5619954648526075
segment_1341.wav,5.5619954648526075
segment_114.wav,5.5679818594104304
segment_676.wav,5.568027210884353
segment_1955.wav,5.576961451247166
segment_419.wav,5.585986394557823
segment_1437.wav,5.593968253968254
segment_3.wav,5.593968253968254
segment_2498.wav,5.600997732426304
segment_1283.wav,5.602993197278912
segment_2077.wav,5.6079818594104305
segment_830.wav,5.615011337868481
segment_1292.wav,5.617006802721089
segment_1749.wav,5.620997732426304
segment_2437.wav,5.6249886621315195
segment_995.wav,5.6249886621315195
segment_1353.wav,5.626031746031746
segment_639.wav,5.627981859410431
segment_2425.wav,5.631020408163265
segment_2276.wav,5.63297052154195
segment_630.wav,5.639002267573696
segment_477.wav,5.64
segment_1985.wav,5.649024943310658
segment_800.wav,5.651020408163265
segment_674.wav,5.652018140589569
segment_184.wav,5.654013605442177
segment_2148.wav,5.654965986394558
segment_1995_1.wav,5.656961451247166
segment_2440.wav,5.658004535147392
segment_1098.wav,5.660997732426304
segment_2455.wav,5.662993197278912
segment_2372.wav,5.6670294784580495
segment_895.wav,5.668027210884354
segment_2385.wav,5.669977324263039
segment_149.wav,5.670022675736962
segment_1044.wav,5.671020408163265
segment_1421.wav,5.67297052154195
segment_2057.wav,5.673015873015873
segment_1290_2.wav,5.676009070294785
segment_2281.wav,5.678004535147393
segment_1026.wav,5.681995464852608
segment_1751_2.wav,5.684988662131519
segment_1717.wav,5.696009070294784
segment_2051.wav,5.699002267573696
segment_2185.wav,5.703990929705215
segment_2244.wav,5.705986394557823
segment_2019.wav,5.706031746031746
segment_447.wav,5.7089795918367345
segment_2065.wav,5.710022675736962
segment_344.wav,5.714965986394557
segment_1634.wav,5.715963718820862
segment_855.wav,5.717006802721088
segment_1729.wav,5.718004535147393
segment_1695.wav,5.7259863945578235
segment_10.wav,5.729024943310658
segment_827.wav,5.732018140589569
segment_532.wav,5.735011337868481
segment_1124.wav,5.743990929705215
segment_2070.wav,5.74498866213152
segment_473.wav,5.756009070294785
segment_536.wav,5.757006802721088
segment_2108.wav,5.759002267573696
segment_1121.wav,5.763990929705216
segment_1136.wav,5.765034013605442
segment_2160.wav,5.76702947845805
segment_2141.wav,5.7719727891156465
segment_1647.wav,5.772018140589569
segment_1740.wav,5.773015873015873
segment_192.wav,5.7739682539682535
segment_1519.wav,5.7740136054421765
segment_1710.wav,5.776009070294784
segment_1364_1.wav,5.785986394557823
segment_1479.wav,5.788979591836735
segment_2235.wav,5.795963718820862
segment_2467.wav,5.796009070294785
segment_1198.wav,5.800997732426304
segment_1343.wav,5.802993197278911
segment_369.wav,5.8120181405895694
segment_1694.wav,5.813015873015873
segment_591_1.wav,5.8159637188208615
segment_1257.wav,5.816009070294784
segment_769.wav,5.816961451247166
segment_1998.wav,5.82
segment_135.wav,5.842993197278911
segment_761.wav,5.844988662131519
segment_2415.wav,5.851020408163265
segment_2444.wav,5.8520181405895695
segment_580.wav,5.859002267573696
segment_144.wav,5.859002267573696
segment_1199.wav,5.868979591836735
segment_597.wav,5.869024943310658
segment_1298.wav,5.869977324263038
segment_1238.wav,5.869977324263038
segment_1582.wav,5.872018140589569
segment_2295.wav,5.875963718820862
segment_41_2.wav,5.8769614512471655
segment_964.wav,5.88
segment_1973.wav,5.88
segment_1939.wav,5.88
segment_1157.wav,5.882993197278911
segment_1439.wav,5.886984126984127
segment_325.wav,5.887981859410431
segment_2400.wav,5.895011337868481
segment_168.wav,5.902993197278912
segment_1118.wav,5.902993197278912
segment_88.wav,5.903990929705215
segment_1408.wav,5.903990929705215
segment_2318.wav,5.912018140589569
segment_966.wav,5.913015873015873
segment_1762.wav,5.9150113378684805
segment_2510.wav,5.9150113378684805
segment_1518.wav,5.915963718820862
segment_1195.wav,5.919002267573696
segment_2094.wav,5.921995464852608
segment_1921.wav,5.933015873015873
segment_1617.wav,5.933968253968254
segment_780.wav,5.9360090702947845
segment_1040.wav,5.9380045351473925
segment_459.wav,5.94
segment_2068.wav,5.94
segment_959.wav,5.948979591836735
segment_1171.wav,5.949977324263038
segment_2125.wav,5.951020408163266
segment_2401.wav,5.959002267573696
segment_1014.wav,5.9609977324263035
segment_703.wav,5.962993197278911
segment_372.wav,5.966984126984127
segment_2142.wav,5.968027210884354
segment_930.wav,5.969977324263039
segment_279_1.wav,5.969977324263039
segment_1056.wav,5.970022675736962
segment_1752.wav,5.970975056689342
segment_385_1.wav,5.97297052154195
segment_1127.wav,5.979002267573696
segment_1777.wav,5.980997732426304
segment_2434.wav,5.982993197278912
segment_1784.wav,5.985034013605442
segment_2525.wav,5.993015873015873
segment_2424.wav,5.996009070294784
segment_1410.wav,6.006984126984127
segment_1083.wav,6.006984126984127
segment_963.wav,6.006984126984127
segment_626.wav,6.006984126984127
segment_2388.wav,6.009024943310657
segment_2476.wav,6.010022675736962
segment_308.wav,6.011972789115647
segment_1399.wav,6.017006802721088
segment_1355.wav,6.0180045351473925
segment_1184.wav,6.019002267573696
segment_200_1.wav,6.02
segment_1739.wav,6.0219954648526075
segment_1733.wav,6.022993197278912
segment_133.wav,6.022993197278912
segment_1839.wav,6.029024943310658
segment_1683_1.wav,6.029977324263038
segment_1090.wav,6.030022675736961
segment_1972.wav,6.032018140589569
segment_898.wav,6.033968253968254
segment_2058.wav,6.047981859410431
segment_788.wav,6.047981859410431
segment_951.wav,6.047981859410431
segment_854.wav,6.047981859410431
segment_2522.wav,6.051972789115646
segment_2419.wav,6.054013605442177
segment_371.wav,6.055011337868481
segment_503.wav,6.056009070294785
segment_2099_1.wav,6.05795918367347
segment_2296.wav,6.060997732426304
segment_1383.wav,6.0619954648526075
segment_1550.wav,6.066031746031746
segment_2495.wav,6.069977324263038
segment_2173.wav,6.073015873015873
segment_1514.wav,6.074965986394558
segment_2026.wav,6.075011337868481
segment_633.wav,6.078004535147392
segment_147.wav,6.0790022675736965
segment_163.wav,6.080997732426304
segment_863_1.wav,6.085986394557823
segment_1951.wav,6.088979591836734
segment_19_1.wav,6.088979591836734
segment_950.wav,6.095011337868481
segment_1076.wav,6.097006802721088
segment_1640.wav,6.100997732426304
segment_1700.wav,6.104988662131519
segment_731.wav,6.106984126984127
segment_739.wav,6.1079818594104305
segment_669.wav,6.109977324263038
segment_282.wav,6.114965986394558
segment_799.wav,6.119002267573697
segment_1575.wav,6.119002267573697
segment_1385.wav,6.126984126984127
segment_364.wav,6.126984126984127
segment_1307.wav,6.129977324263039
segment_251.wav,6.134013605442177
segment_2175.wav,6.138004535147393
segment_1900.wav,6.1439909297052155
segment_1558.wav,6.1459863945578235
segment_1190.wav,6.148979591836735
segment_125.wav,6.148979591836735
segment_902.wav,6.151972789115646
segment_1289.wav,6.151972789115646
segment_1803.wav,6.154013605442177
segment_460.wav,6.154965986394558
segment_1659.wav,6.166984126984127
segment_1065.wav,6.1670294784580495
segment_2243_1.wav,6.1689795918367345
segment_2386.wav,6.169024943310657
segment_1707.wav,6.179002267573696
segment_1331.wav,6.180997732426304
segment_2471.wav,6.186031746031746
segment_972_1.wav,6.190975056689342
segment_1087.wav,6.195011337868481
segment_1126.wav,6.196009070294784
segment_1277.wav,6.199002267573696
segment_69.wav,6.2
segment_1202.wav,6.2
segment_593.wav,6.20498866213152
segment_695.wav,6.206984126984127
segment_1177.wav,6.213968253968254
segment_2513.wav,6.214013605442177
segment_507.wav,6.216009070294785
segment_845.wav,6.22
segment_1169_1.wav,6.22
segment_1787.wav,6.223990929705216
segment_1349.wav,6.226984126984127
segment_2166.wav,6.236009070294784
segment_823.wav,6.237006802721089
segment_252.wav,6.240997732426304
segment_287.wav,6.246984126984127
segment_1365.wav,6.249977324263039
segment_2090.wav,6.251020408163265
segment_1671.wav,6.253015873015873
segment_1464.wav,6.25501133786848
segment_37.wav,6.258004535147392
segment_781.wav,6.262993197278911
segment_1108.wav,6.265034013605442
segment_668.wav,6.271020408163265
segment_1591.wav,6.274965986394558
segment_1991.wav,6.2909750566893425
segment_2216.wav,6.291972789115646
segment_1628.wav,6.296009070294785
segment_2036.wav,6.296009070294785
segment_1182.wav,6.296961451247165
segment_861.wav,6.298004535147392
segment_1133.wav,6.298004535147392
segment_2389.wav,6.300997732426304
segment_1102.wav,6.306984126984127
segment_2391.wav,6.306984126984127
segment_1143.wav,6.306984126984127
segment_1790.wav,6.308027210884354
segment_2223.wav,6.3119727891156465
segment_865.wav,6.313015873015873
segment_2324_2.wav,6.315011337868481
segment_746.wav,6.319002267573696
segment_1650.wav,6.326984126984127
segment_243.wav,6.326984126984127
segment_1759.wav,6.327981859410431
segment_1881.wav,6.327981859410431
segment_1546.wav,6.330975056689343
segment_1441.wav,6.331972789115646
segment_464.wav,6.337006802721088
segment_1322.wav,6.347981859410431
segment_1767.wav,6.348027210884354
segment_1345.wav,6.359002267573696
segment_46.wav,6.363990929705215
segment_619.wav,6.366984126984127
segment_80.wav,6.367981859410431
segment_1459.wav,6.370022675736961
segment_441.wav,6.372018140589569
segment_7.wav,6.379002267573696
segment_1596.wav,6.379002267573696
segment_504.wav,6.379002267573696
segment_2355.wav,6.385986394557823
segment_2337.wav,6.393968253968254
segment_1539.wav,6.397006802721088
segment_1862.wav,6.399002267573696
segment_585.wav,6.401995464852607
segment_2452.wav,6.405034013605442
segment_708.wav,6.405034013605442
segment_43.wav,6.411020408163266
segment_1064.wav,6.41297052154195
segment_1657.wav,6.416009070294785
segment_2075.wav,6.4170068027210885
segment_1405.wav,6.418004535147392
segment_917.wav,6.421995464852608
segment_508.wav,6.425986394557823
segment_1600.wav,6.427981859410431
segment_710.wav,6.430975056689342
segment_1225.wav,6.4320181405895696
segment_2267.wav,6.436961451247165
segment_1588.wav,6.439002267573696
segment_31_2.wav,6.441995464852607
segment_1435.wav,6.444988662131519
segment_838_1.wav,6.445986394557823
segment_50.wav,6.448027210884354
segment_2463.wav,6.448979591836735
segment_1305.wav,6.452018140589569
segment_1038.wav,6.4589569160997735
segment_864.wav,6.465986394557823
segment_394.wav,6.475011337868481
segment_2043.wav,6.482993197278912
segment_2096.wav,6.483038548752835
segment_634.wav,6.491972789115646
segment_99.wav,6.493015873015873
segment_239_2.wav,6.495011337868481
segment_1005.wav,6.5009977324263035
segment_718.wav,6.504988662131519
segment_2018.wav,6.51795918367347
segment_1144.wav,6.52
segment_1457_2.wav,6.525986394557823
segment_39.wav,6.532018140589569
segment_1164.wav,6.533968253968254
segment_2329.wav,6.534013605442177
segment_2359.wav,6.540997732426304
segment_469.wav,6.540997732426304
segment_1757.wav,6.545986394557823
segment_1690.wav,6.548979591836734
segment_1814.wav,6.55297052154195
segment_647.wav,6.554013605442177
segment_1223.wav,6.555963718820862
segment_104_1.wav,6.558956916099773
segment_142.wav,6.5639909297052155
segment_2519.wav,6.5639909297052155
segment_123.wav,6.564988662131519
segment_859.wav,6.568979591836735
segment_1375.wav,6.573968253968254
segment_1644_2.wav,6.575963718820861
segment_1859.wav,6.576009070294784
segment_1670.wav,6.58
segment_1649.wav,6.5829931972789115
segment_1311.wav,6.5849886621315195
segment_586.wav,6.58702947845805
segment_1827.wav,6.588027210884354
segment_118.wav,6.592018140589569
segment_765.wav,6.598004535147393
segment_1624.wav,6.598004535147393
segment_1268.wav,6.6
segment_598.wav,6.601995464852608
segment_288.wav,6.613015873015873
segment_1139.wav,6.613968253968254
segment_2294.wav,6.615011337868481
segment_2277.wav,6.620997732426304
segment_1935.wav,6.622040816326531
segment_337.wav,6.6270294784580495
segment_1568.wav,6.629024943310657
segment_2007.wav,6.629977324263039
segment_1785.wav,6.63297052154195
segment_2279.wav,6.634013605442177
segment_1887.wav,6.634965986394558
segment_26.wav,6.638004535147393
segment_1191.wav,6.640997732426304
segment_2157.wav,6.641995464852608
segment_1693.wav,6.644988662131519
segment_422.wav,6.644988662131519
segment_625.wav,6.646984126984127
segment_792.wav,6.650975056689342
segment_2183_1.wav,6.655963718820861
segment_379_1.wav,6.657959183673469
segment_1532.wav,6.66
segment_846.wav,6.660997732426304
segment_218_1.wav,6.661995464852608
segment_588.wav,6.679002267573696
segment_1060.wav,6.681995464852608
segment_451.wav,6.682993197278911
segment_1541.wav,6.6840362811791385
segment_1334.wav,6.691020408163265
segment_1797.wav,6.695011337868481
segment_1300.wav,6.695011337868481
segment_1895.wav,6.7
segment_1346.wav,6.7
segment_631.wav,6.702993197278912
segment_1033.wav,6.704036281179138
segment_888.wav,6.705986394557823
segment_1543.wav,6.706984126984127
segment_322.wav,6.7109750566893425
segment_2232.wav,6.711020408163265
segment_131.wav,6.71297052154195
segment_1626.wav,6.714013605442177
segment_2430.wav,6.718004535147393
segment_632.wav,6.72
segment_202.wav,6.724988662131519
segment_548.wav,6.724988662131519
segment_2004.wav,6.727981859410431
segment_945_1.wav,6.727981859410431
segment_1928.wav,6.728979591836735
segment_1875.wav,6.728979591836735
segment_1595.wav,6.731020408163265
segment_1130.wav,6.737006802721089
segment_2343.wav,6.738004535147392
segment_1373.wav,6.740997732426304
segment_2441.wav,6.740997732426304
segment_448.wav,6.7450340136054425
segment_2450.wav,6.745986394557823
segment_85.wav,6.749977324263039
segment_831.wav,6.75297052154195
segment_1968.wav,6.753015873015873
segment_1352.wav,6.7549659863945575
segment_2229.wav,6.758004535147392
segment_444_2.wav,6.76
segment_1724.wav,6.76
segment_1905.wav,6.760997732426304
segment_224.wav,6.765986394557823
segment_1151.wav,6.766984126984127
segment_2469.wav,6.7700226757369615
segment_1167.wav,6.782993197278912
segment_1188.wav,6.783990929705215
segment_402.wav,6.78498866213152
segment_1807.wav,6.8
segment_2078.wav,6.808027210884354
segment_1473.wav,6.815011337868481
segment_1166.wav,6.818004535147392
segment_804.wav,6.821995464852607
segment_2053.wav,6.828979591836735
segment_1398_1.wav,6.831972789115646
segment_1679.wav,6.834013605442177
segment_1738.wav,6.834013605442177
segment_181_1.wav,6.84
segment_2161.wav,6.841995464852608
segment_2055.wav,6.8520181405895695
segment_2105.wav,6.858004535147392
segment_2134.wav,6.866984126984127
segment_1725.wav,6.8710204081632655
segment_1426.wav,6.873015873015873
segment_283.wav,6.877006802721088
segment_2254.wav,6.879002267573696
segment_1253.wav,6.879002267573696
segment_2360.wav,6.879002267573696
segment_616.wav,6.891020408163265
segment_1339.wav,6.8920181405895695
segment_159.wav,6.895011337868481
segment_2492_1.wav,6.9
segment_1863.wav,6.902993197278912
segment_2445.wav,6.916009070294785
segment_1210.wav,6.9170068027210885
segment_1676.wav,6.924988662131519
segment_2282.wav,6.929977324263039
segment_401.wav,6.930022675736962
segment_982_2.wav,6.934013605442177
segment_289.wav,6.935011337868481
segment_2465.wav,6.9380045351473925
segment_2113.wav,6.9380045351473925
segment_1527.wav,6.944036281179138
segment_315.wav,6.947981859410431
segment_814_2.wav,6.950022675736961
segment_210_1.wav,6.955963718820862
segment_367.wav,6.961995464852608
segment_1987.wav,6.979002267573696
segment_2420.wav,6.984988662131519
segment_500.wav,7.0
segment_512.wav,7.0
segment_1096_1.wav,7.001995464852608
segment_458_1.wav,7.003990929705216
segment_2480.wav,7.015011337868481
segment_1141.wav,7.015011337868481
segment_776.wav,7.017006802721088
segment_2487.wav,7.017006802721088
segment_991_2.wav,7.0180045351473925
segment_1001.wav,7.0180045351473925
segment_2488.wav,7.020997732426304
segment_2252.wav,7.0219954648526075
segment_2351.wav,7.022993197278912
segment_1315.wav,7.043990929705215
segment_2059.wav,7.046031746031746
segment_1691.wav,7.048027210884354
segment_2459.wav,7.051020408163265
segment_679.wav,7.053015873015873
segment_1500.wav,7.055011337868481
segment_1563.wav,7.058004535147393
segment_2162.wav,7.06
segment_553.wav,7.06
segment_562.wav,7.0639909297052155
segment_686.wav,7.074013605442177
segment_1809.wav,7.075011337868481
segment_1073.wav,7.0829931972789115
segment_331.wav,7.0849886621315195
segment_1362.wav,7.085986394557823
segment_452.wav,7.087981859410431
segment_105.wav,7.097006802721088
segment_24.wav,7.097006802721088
segment_396.wav,7.098956916099773
segment_1179.wav,7.1
segment_121.wav,7.100997732426304
segment_784.wav,7.100997732426304
segment_1781.wav,7.101995464852608
segment_2259.wav,7.105986394557823
segment_1379.wav,7.114965986394558
segment_2448.wav,7.115963718820861
segment_2110.wav,7.122040816326531
segment_2012.wav,7.1420408163265305
segment_1585.wav,7.1459863945578235
segment_1735.wav,7.148979591836735
segment_2423.wav,7.157006802721089
segment_1114.wav,7.159002267573696
segment_2317.wav,7.160997732426304
segment_599.wav,7.162993197278912
segment_704.wav,7.162993197278912
segment_1018.wav,7.163990929705215
segment_1231.wav,7.163990929705215
segment_1389.wav,7.171972789115646
segment_334.wav,7.174013605442177
segment_2049.wav,7.176009070294785
segment_2427.wav,7.18
segment_1027.wav,7.1859863945578235
segment_759.wav,7.188979591836735
segment_466.wav,7.193015873015873
segment_2177.wav,7.197006802721089
segment_397_1.wav,7.198956916099773
segment_606_1.wav,7.200997732426304
segment_1925.wav,7.210022675736962
segment_1899.wav,7.212018140589569
segment_961.wav,7.213015873015873
segment_177.wav,7.22702947845805
segment_100.wav,7.2319727891156464
segment_2354.wav,7.234013605442177
segment_2154.wav,7.236009070294784
segment_1818.wav,7.237006802721089
segment_2288.wav,7.239002267573696
segment_1645.wav,7.243990929705215
segment_1377.wav,7.2509750566893425
segment_127.wav,7.256009070294785
segment_1698.wav,7.267981859410431
segment_294.wav,7.267981859410431
segment_1174.wav,7.2700226757369615
segment_615.wav,7.2719727891156465
segment_1394.wav,7.274965986394558
segment_672.wav,7.276009070294784
segment_623.wav,7.28
segment_782.wav,7.282993197278912
segment_1107.wav,7.28498866213152
segment_1004.wav,7.287981859410431
segment_1744_1.wav,7.289977324263038
segment_231_1.wav,7.2909750566893425
segment_2506.wav,7.299002267573696
segment_143.wav,7.304988662131519
segment_2418.wav,7.308979591836735
segment_296.wav,7.321995464852607
segment_425_2.wav,7.324036281179138
segment_1168.wav,7.325986394557823
segment_843.wav,7.329977324263038
segment_1434.wav,7.334013605442177
segment_1823.wav,7.34
segment_190.wav,7.341995464852608
segment_2255.wav,7.342993197278911
segment_2396.wav,7.343990929705216
segment_2518.wav,7.344988662131519
segment_407.wav,7.347981859410431
segment_1684.wav,7.348027210884354
segment_1997.wav,7.364036281179138
segment_1621.wav,7.377006802721088
segment_906.wav,7.379002267573696
segment_1576.wav,7.384988662131519
segment_2322.wav,7.385986394557823
segment_601.wav,7.4
segment_2174.wav,7.41297052154195
segment_568.wav,7.416009070294785
segment_318_1.wav,7.42
segment_49.wav,7.42
segment_543.wav,7.4209977324263035
segment_221.wav,7.421995464852608
segment_1936.wav,7.430975056689342
segment_2367.wav,7.433015873015873
segment_876.wav,7.441995464852607
segment_475.wav,7.442993197278912
segment_559.wav,7.465986394557823
segment_373_1.wav,7.467981859410431
segment_2221.wav,7.470022675736962
segment_1817.wav,7.4780045351473925
segment_540.wav,7.479002267573696
segment_818.wav,7.48
segment_212.wav,7.482993197278912
segment_1986.wav,7.49297052154195
segment_2505.wav,7.5009977324263035
segment_574.wav,7.5029931972789115
segment_1463.wav,7.512018140589569
segment_965.wav,7.524988662131519
segment_1485.wav,7.530022675736961
segment_23_1.wav,7.533968253968254
segment_1381.wav,7.535011337868481
segment_1099.wav,7.535011337868481
segment_1601.wav,7.536009070294784
segment_2433.wav,7.54
segment_2287.wav,7.544988662131519
segment_171.wav,7.545986394557823
segment_1438.wav,7.548027210884354
segment_2115.wav,7.554013605442177
segment_2045.wav,7.555011337868481
segment_445.wav,7.556009070294785
segment_1598.wav,7.56702947845805
segment_2213_2.wav,7.568027210884353
segment_1415.wav,7.570022675736961
segment_1798.wav,7.577959183673469
segment_767.wav,7.58
segment_1680_1.wav,7.581995464852608
segment_1888.wav,7.588027210884354
segment_436.wav,7.588027210884354
segment_2407.wav,7.593968253968254
segment_1764.wav,7.597006802721088
segment_777.wav,7.59795918367347
segment_1854.wav,7.608027210884353
segment_1846.wav,7.610975056689343
segment_2195.wav,7.615011337868481
segment_1864.wav,7.622993197278912
segment_2230.wav,7.629024943310657
segment_611.wav,7.630975056689342
segment_525.wav,7.633015873015873
segment_509.wav,7.634013605442177
segment_937.wav,7.641995464852608
segment_893.wav,7.641995464852608
segment_2501.wav,7.6439909297052155
segment_204.wav,7.651972789115646
segment_1321.wav,7.6649886621315195
segment_2063.wav,7.670022675736962
segment_817.wav,7.674965986394557
segment_1467.wav,7.6859863945578235
segment_227_1.wav,7.6879818594104306
segment_1549.wav,7.69297052154195
segment_1511.wav,7.696009070294784
segment_63.wav,7.701995464852608
segment_779.wav,7.705986394557823
segment_180_1.wav,7.711972789115646
segment_1382.wav,7.71297052154195
segment_1367.wav,7.737006802721089
segment_2417.wav,7.740997732426304
segment_1794.wav,7.746984126984127
segment_219.wav,7.748027210884354
segment_1902.wav,7.748979591836735
segment_1314.wav,7.750022675736961
segment_1447.wav,7.758004535147392
segment_870.wav,7.769024943310658
segment_1503.wav,7.7739682539682535
segment_297.wav,7.7740136054421765
segment_2333.wav,7.777006802721089
segment_1786.wav,7.777006802721089
segment_844.wav,7.778004535147392
segment_1150.wav,7.78
segment_910.wav,7.781995464852607
segment_900.wav,7.781995464852607
segment_1418.wav,7.783990929705215
segment_136_2.wav,7.78498866213152
segment_360_2.wav,7.785986394557823
segment_2130.wav,7.785986394557823
segment_868.wav,7.786031746031746
segment_384_1.wav,7.7909750566893425
segment_1244.wav,7.796009070294785
segment_139.wav,7.798004535147392
segment_1705.wav,7.8
segment_602.wav,7.8
segment_55.wav,7.802993197278911
segment_2429.wav,7.809977324263039
segment_922.wav,7.811020408163265
segment_832.wav,7.815011337868481
segment_2268.wav,7.8350113378684805
segment_338.wav,7.8369614512471655
segment_1028_1.wav,7.84
segment_1622_1.wav,7.844988662131519
segment_2339.wav,7.853015873015873
segment_1830_2.wav,7.855011337868481
segment_518.wav,7.860997732426304
segment_968.wav,7.873968253968254
segment_583.wav,7.879002267573696
segment_771.wav,7.88
segment_2052.wav,7.881995464852608
segment_326.wav,7.904988662131519
segment_1741.wav,7.909977324263038
segment_1656.wav,7.911972789115646
segment_349.wav,7.91297052154195
segment_825.wav,7.92
segment_1234_2.wav,7.921995464852608
segment_62.wav,7.941995464852607
segment_1332_2.wav,7.942993197278912
segment_1675.wav,7.945986394557823
segment_2102.wav,7.946031746031746
segment_2271.wav,7.964036281179139
segment_757.wav,7.971020408163265
segment_1697.wav,7.971020408163265
segment_2179.wav,7.977006802721088
segment_513.wav,7.9819954648526075
segment_942.wav,7.982993197278912
segment_1742.wav,7.983990929705215
segment_2048.wav,7.983990929705215
segment_423.wav,7.988027210884353
segment_1718.wav,7.988027210884353
segment_2447.wav,7.991020408163266
segment_2191.wav,7.992018140589569
segment_1286.wav,7.998004535147392
segment_1966.wav,8.00204081632653
segment_277.wav,8.007981859410432
segment_293.wav,8.011020408163265
segment_850.wav,8.018004535147393
segment_16.wav,8.018004535147393
segment_663_1.wav,8.027981859410431
segment_2140.wav,8.029024943310658
segment_1592_2.wav,8.029024943310658
segment_1024.wav,8.033015873015874
segment_2366.wav,8.038004535147392
segment_1070.wav,8.038004535147392
segment_1269.wav,8.040997732426304
segment_2222.wav,8.045986394557824
segment_1949_1.wav,8.061995464852608
segment_1272_2.wav,8.062993197278912
segment_1983.wav,8.06702947845805
segment_1753.wav,8.070022675736961
segment_1420.wav,8.071020408163266
segment_635.wav,8.08
segment_1316.wav,8.080997732426304
segment_2178.wav,8.082993197278912
segment_1530.wav,8.083990929705216
segment_2289_1.wav,8.083990929705216
segment_1923.wav,8.105034013605442
segment_1347.wav,8.105986394557823
segment_556.wav,8.129977324263038
segment_391.wav,8.131972789115647
segment_2214.wav,8.143038548752834
segment_873.wav,8.155963718820862
segment_1745.wav,8.156961451247165
segment_657.wav,8.159002267573696
segment_2170_2.wav,8.162993197278912
segment_890.wav,8.178004535147393
segment_2348.wav,8.179002267573695
segment_457.wav,8.183038548752835
segment_646.wav,8.18498866213152
segment_2338.wav,8.197006802721088
segment_879.wav,8.203990929705215
segment_1138.wav,8.204036281179139
segment_2246.wav,8.20498866213152
segment_557.wav,8.211020408163265
segment_2047.wav,8.231020408163266
segment_1913.wav,8.238004535147393
segment_758.wav,8.241995464852607
segment_2404.wav,8.243990929705216
segment_564.wav,8.253968253968255
segment_388.wav,8.258004535147393
segment_416_2.wav,8.258004535147393
segment_603.wav,8.260997732426304
segment_263_1.wav,8.260997732426304
segment_1969.wav,8.261995464852607
segment_1186.wav,8.265034013605442
segment_203.wav,8.27002267573696
segment_106.wav,8.287981859410431
segment_141.wav,8.29700680272109
segment_1443.wav,8.300997732426303
segment_1926.wav,8.300997732426303
segment_1699.wav,8.302993197278912
segment_426.wav,8.312018140589569
segment_128.wav,8.312970521541951
segment_1801.wav,8.328979591836735
segment_1155.wav,8.330975056689342
segment_1212_1.wav,8.333968253968253
segment_1450.wav,8.334013605442177
segment_489.wav,8.337006802721088
segment_1445.wav,8.341995464852607
segment_1974.wav,8.347981859410432
segment_468.wav,8.348979591836734
segment_2292.wav,8.359002267573697
segment_502.wav,8.363990929705215
segment_1911.wav,8.36498866213152
segment_1901.wav,8.382993197278912
segment_1560.wav,8.383990929705215
segment_985.wav,8.386984126984126
segment_1222.wav,8.394013605442177
segment_1015.wav,8.39501133786848
segment_744.wav,8.396961451247165
segment_976.wav,8.4
segment_1851.wav,8.401995464852607
segment_29.wav,8.401995464852607
segment_1417.wav,8.411020408163266
segment_1977.wav,8.411972789115646
segment_944.wav,8.414013605442177
segment_2100.wav,8.419002267573696
segment_2461.wav,8.42
segment_1660.wav,8.421995464852607
segment_1020.wav,8.422993197278911
segment_1170.wav,8.429024943310658
segment_558.wav,8.438004535147392
segment_2046_1.wav,8.46798185941043
segment_1619.wav,8.476009070294785
segment_907.wav,8.49297052154195
segment_116.wav,8.493968253968253
segment_2342.wav,8.499002267573696
segment_790.wav,8.505034013605442
segment_434.wav,8.505986394557823
segment_1950.wav,8.50702947845805
segment_1771.wav,8.50702947845805
segment_130.wav,8.509024943310658
segment_2170_1.wav,8.515963718820862
segment_420.wav,8.526031746031746
segment_2308.wav,8.531020408163265
segment_194.wav,8.533015873015874
segment_2303.wav,8.551972789115647
segment_662.wav,8.566031746031745
segment_2181.wav,8.573015873015873
segment_258.wav,8.573968253968253
segment_2206.wav,8.583990929705216
segment_1113.wav,8.588979591836734
segment_1310.wav,8.594013605442177
segment_1028_2.wav,8.596961451247166
segment_178.wav,8.597006802721088
segment_1594_1.wav,8.601995464852608
segment_2204.wav,8.608027210884353
segment_1303_2.wav,8.609024943310658
segment_1266.wav,8.61297052154195
segment_1248.wav,8.616009070294785
segment_1800.wav,8.620997732426304
segment_2237.wav,8.644988662131519
segment_652.wav,8.645034013605443
segment_1196.wav,8.656009070294784
segment_1962.wav,8.65795918367347
segment_547.wav,8.665986394557823
segment_1403.wav,8.666984126984127
segment_748.wav,8.669977324263039
segment_2131.wav,8.675011337868481
segment_1477.wav,8.678004535147393
segment_1297.wav,8.681995464852609
segment_524.wav,8.693968253968254
segment_707.wav,8.694965986394557
segment_1779.wav,8.699002267573697
segment_1975.wav,8.701995464852608
segment_1832.wav,8.710975056689342
segment_584.wav,8.71297052154195
segment_2289_2.wav,8.72
segment_1932.wav,8.720997732426303
segment_2046_2.wav,8.726984126984126
segment_1313_1.wav,8.72798185941043
segment_329.wav,8.72997732426304
segment_2435.wav,8.733015873015873
segment_775.wav,8.73501133786848
segment_1780.wav,8.740997732426305
segment_2368.wav,8.742993197278912
segment_919.wav,8.749977324263039
segment_1324.wav,8.75297052154195
segment_2411.wav,8.753968253968255
segment_820.wav,8.756009070294784
segment_225_1.wav,8.76
segment_1871.wav,8.76
segment_1821.wav,8.763038548752835
segment_30_1.wav,8.769977324263039
segment_429.wav,8.773015873015874
segment_1094.wav,8.774013605442176
segment_1050.wav,8.774013605442176
segment_193.wav,8.780997732426304
segment_1760.wav,8.787981859410431
segment_1674.wav,8.792018140589569
segment_2198.wav,8.792018140589569
segment_1214.wav,8.800997732426303
segment_174.wav,8.803038548752834
segment_2310.wav,8.805986394557824
segment_2270.wav,8.813968253968254
segment_1258.wav,8.834965986394558
segment_1861_1.wav,8.841995464852607
segment_1805.wav,8.843990929705216
segment_725.wav,8.848979591836734
segment_947.wav,8.850975056689343
segment_1557.wav,8.853015873015874
segment_1953.wav,8.860997732426304
segment_324.wav,8.861995464852608
segment_595.wav,8.865034013605442
segment_2176.wav,8.868027210884353
segment_1262.wav,8.870975056689343
segment_786.wav,8.88
segment_1669.wav,8.880997732426303
segment_2486.wav,8.882993197278912
segment_2016.wav,8.885986394557824
segment_487.wav,8.890975056689342
segment_839.wav,8.891020408163266
segment_869.wav,8.891972789115647
segment_1830_1.wav,8.894965986394558
segment_220.wav,8.920997732426304
segment_1623.wav,8.924988662131518
segment_2332.wav,8.93297052154195
segment_530.wav,8.936009070294785
segment_2247.wav,8.937006802721088
segment_2399.wav,8.94498866213152
segment_999.wav,8.953015873015874
segment_984.wav,8.953015873015874
segment_1137.wav,8.955963718820861
segment_1914.wav,8.957006802721088
segment_2054.wav,8.96498866213152
segment_690.wav,8.96498866213152
segment_1303_1.wav,8.973968253968254
segment_1728.wav,8.978004535147392
segment_878.wav,8.981995464852607
segment_2356.wav,8.981995464852607
segment_384_2.wav,8.982993197278912
segment_1470.wav,8.991020408163266
segment_1302.wav,8.994013605442177
segment_958.wav,8.996009070294784
segment_1384.wav,9.00702947845805
segment_213.wav,9.00702947845805
segment_2503.wav,9.008027210884354
segment_1580.wav,9.013015873015872
segment_1022.wav,9.019002267573697
segment_667.wav,9.030975056689343
segment_117.wav,9.034013605442176
segment_993.wav,9.036009070294785
segment_1876.wav,9.04
segment_1861_2.wav,9.041995464852608
segment_1755.wav,9.046984126984126
segment_2207_1.wav,9.051972789115647
segment_2283.wav,9.054013605442178
segment_860.wav,9.06702947845805
segment_921.wav,9.06798185941043
segment_853.wav,9.086031746031747
segment_705.wav,9.086031746031747
segment_2431.wav,9.099002267573697
segment_211_1.wav,9.105986394557823
segment_2199_2.wav,9.108979591836734
segment_1049.wav,9.114013605442176
segment_763.wav,9.114965986394559
segment_643.wav,9.117006802721088
segment_470.wav,9.131020408163264
segment_1085.wav,9.132018140589569
segment_1680_2.wav,9.138004535147392
segment_2009.wav,9.14
segment_935.wav,9.141995464852608
segment_815.wav,9.151020408163266
segment_2180.wav,9.158956916099774
segment_2500.wav,9.162993197278912
segment_341.wav,9.170975056689342
segment_848.wav,9.17201814058957
segment_2133.wav,9.17201814058957
segment_1309.wav,9.18498866213152
segment_814_1.wav,9.195963718820861
segment_416_1.wav,9.196961451247166
segment_606_2.wav,9.196961451247166
segment_1051.wav,9.203990929705215
segment_2152.wav,9.213015873015873
segment_2153.wav,9.21501133786848
segment_542.wav,9.21501133786848
segment_333.wav,9.219002267573696
segment_1538.wav,9.220997732426303
segment_1413.wav,9.222993197278912
segment_986.wav,9.228979591836735
segment_713.wav,9.238004535147393
segment_641.wav,9.243990929705216
segment_663_2.wav,9.244988662131519
segment_350.wav,9.249024943310658
segment_1536.wav,9.251020408163265
segment_1075.wav,9.26
segment_1207.wav,9.26204081632653
segment_410.wav,9.269024943310658
segment_1250.wav,9.27501133786848
segment_1737.wav,9.280997732426304
segment_909.wav,9.286031746031746
segment_427_1.wav,9.287981859410431
segment_113_2.wav,9.288979591836735
segment_670.wav,9.292018140589569
segment_1233.wav,9.294013605442176
segment_398.wav,9.308027210884354
segment_2186_1.wav,9.314965986394558
segment_229.wav,9.316961451247165
segment_1542_1.wav,9.322993197278912
segment_1559.wav,9.322993197278912
segment_1855.wav,9.322993197278912
segment_250.wav,9.322993197278912
segment_899.wav,9.329024943310658
segment_1622_2.wav,9.335011337868481
segment_66.wav,9.338004535147393
segment_1092.wav,9.343990929705216
segment_1965_1.wav,9.34498866213152
segment_1843.wav,9.345034013605442
segment_608.wav,9.346031746031747
segment_2064.wav,9.346984126984127
segment_98.wav,9.356009070294785
segment_1116.wav,9.365986394557822
segment_1828.wav,9.375963718820861
segment_2521.wav,9.377006802721088
segment_1808.wav,9.38498866213152
segment_1059.wav,9.386031746031746
segment_2446.wav,9.38798185941043
segment_1431.wav,9.391020408163266
segment_1672.wav,9.394965986394558
segment_1910.wav,9.402993197278912
segment_1449.wav,9.403990929705216
segment_791.wav,9.404988662131519
segment_2363.wav,9.406984126984128
segment_412.wav,9.414013605442177
segment_1879.wav,9.416009070294784
segment_456.wav,9.424988662131518
segment_1837.wav,9.427981859410432
segment_2013.wav,9.442993197278911
segment_1980.wav,9.447981859410431
segment_1834.wav,9.451020408163265
segment_2382.wav,9.454013605442176
segment_1054.wav,9.45501133786848
segment_2186_2.wav,9.456009070294785
segment_1376.wav,9.465034013605441
segment_92.wav,9.466984126984126
segment_1045.wav,9.469977324263038
segment_1319.wav,9.473968253968254
segment_1869.wav,9.478004535147392
segment_505.wav,9.494013605442177
segment_1329.wav,9.501995464852607
segment_1282.wav,9.501995464852607
segment_2238.wav,9.51201814058957
segment_2248.wav,9.513015873015872
segment_1326.wav,9.514013605442177
segment_694.wav,9.515011337868481
segment_897.wav,9.516009070294784
segment_2122.wav,9.52498866213152
segment_211_2.wav,9.52498866213152
segment_1756.wav,9.53201814058957
segment_1178.wav,9.53501133786848
segment_1409.wav,9.53501133786848
segment_1242.wav,9.535963718820861
segment_1570.wav,9.536961451247166
segment_1682.wav,9.537006802721088
segment_2139.wav,9.54
segment_994.wav,9.545986394557824
segment_773.wav,9.556009070294785
segment_1002.wav,9.557006802721089
segment_1340.wav,9.565986394557823
segment_1677.wav,9.568027210884354
segment_1946.wav,9.578004535147393
segment_306.wav,9.593015873015872
segment_1533.wav,9.599002267573697
segment_1142.wav,9.62
segment_2060.wav,9.620997732426304
segment_300.wav,9.628979591836735
segment_1472.wav,9.63700680272109
segment_2466.wav,9.642993197278912
segment_1388.wav,9.649024943310657
segment_2410.wav,9.656009070294784
segment_1641.wav,9.660997732426305
segment_1587.wav,9.663990929705216
segment_534.wav,9.666031746031747
segment_2344.wav,9.666984126984127
segment_1061.wav,9.675011337868481
segment_659.wav,9.68
segment_2031.wav,9.686984126984127
segment_2023.wav,9.690022675736962
segment_1313_2.wav,9.694013605442176
segment_111.wav,9.697006802721088
segment_1176.wav,9.7
segment_1423.wav,9.701995464852608
segment_1122.wav,9.703038548752835
segment_1815.wav,9.722040816326531
segment_2144.wav,9.722993197278912
segment_1513.wav,9.722993197278912
segment_546.wav,9.725034013605443
segment_1457_1.wav,9.72997732426304
segment_1237.wav,9.731020408163266
segment_2272.wav,9.731972789115646
segment_2127.wav,9.737006802721089
segment_327.wav,9.741995464852607
segment_764.wav,9.743038548752834
segment_115.wav,9.74702947845805
segment_2464.wav,9.75201814058957
segment_1391.wav,9.760997732426304
segment_360_1.wav,9.763990929705216
segment_812.wav,9.763990929705216
segment_1068.wav,9.773015873015874
segment_1197.wav,9.773015873015874
segment_1215.wav,9.776009070294785
segment_2027.wav,9.777006802721088
segment_1325.wav,9.777006802721088
segment_1948.wav,9.793015873015873
segment_1592_1.wav,9.795963718820861
segment_1119.wav,9.80498866213152
segment_1554.wav,9.814013605442177
segment_1386.wav,9.817006802721089
segment_1750.wav,9.818004535147391
segment_2489.wav,9.822993197278912
segment_222.wav,9.823990929705216
segment_778.wav,9.825034013605443
segment_2030.wav,9.825034013605443
segment_1612.wav,9.847981859410432
segment_2514.wav,9.855011337868481
segment_444_1.wav,9.86299319727891
segment_1850.wav,9.863990929705215
segment_555.wav,9.866984126984127
segment_2299.wav,9.870975056689343
segment_1097.wav,9.874013605442176
segment_134.wav,9.87501133786848
segment_1412.wav,9.881995464852608
segment_395_1.wav,9.883990929705215
segment_2516.wav,9.885986394557824
segment_2083.wav,9.889024943310657
segment_368.wav,9.898004535147392
segment_2020.wav,9.902993197278912
segment_828.wav,9.905986394557823
segment_2089.wav,9.938004535147392
segment_2492_2.wav,9.94
segment_852.wav,9.940997732426304
segment_751.wav,9.941995464852608
segment_2398.wav,9.948979591836734
segment_1919.wav,9.950975056689343
segment_358.wav,9.95201814058957
segment_1200.wav,9.959002267573696
segment_354.wav,9.96
segment_2183_2.wav,9.961995464852608
segment_834.wav,9.978004535147392
segment_1618.wav,9.978004535147392
segment_366_1.wav,9.978956916099774
segment_1169_2.wav,9.983990929705216
segment_1354.wav,9.988979591836735
segment_2409.wav,9.997006802721089
segment_2309.wav,10.003990929705216
segment_1148.wav,10.016009070294784
segment_2326.wav,10.02
segment_1034.wav,10.023990929705215
segment_2212.wav,10.039002267573697
segment_1644_1.wav,10.040997732426304
segment_2124.wav,10.040997732426304
segment_2182.wav,10.049024943310657
segment_1631.wav,10.074013605442177
segment_550.wav,10.080997732426304
segment_2203.wav,10.090975056689343
segment_1469.wav,10.101995464852608
segment_535.wav,10.105986394557823
segment_2324_1.wav,10.114965986394559
segment_2264.wav,10.117006802721088
segment_1254.wav,10.121995464852608
segment_1256_1.wav,10.123990929705215
segment_847.wav,10.123990929705215
segment_415.wav,10.12498866213152
segment_1565.wav,10.138004535147392
segment_2029.wav,10.14
segment_465.wav,10.157006802721089
segment_210_2.wav,10.164036281179138
segment_1042.wav,10.16798185941043
segment_2349.wav,10.169024943310658
segment_554.wav,10.17201814058957
segment_2196_2.wav,10.177006802721088
segment_342.wav,10.18
segment_1537.wav,10.187981859410431
segment_1175.wav,10.190975056689343
segment_1239.wav,10.196009070294785
segment_523.wav,10.198004535147392
segment_1357.wav,10.2
segment_2121.wav,10.211020408163265
segment_1009.wav,10.21501133786848
segment_138.wav,10.228979591836735
segment_1971.wav,10.233968253968253
segment_1954.wav,10.239002267573696
segment_2266.wav,10.24
segment_1299.wav,10.241995464852607
segment_1330.wav,10.244988662131519
segment_954.wav,10.24702947845805
segment_1949_2.wav,10.250975056689342
segment_926.wav,10.255011337868481
segment_1106.wav,10.267981859410432
segment_582.wav,10.273015873015874
segment_418_1.wav,10.273968253968254
segment_1284.wav,10.277006802721088
segment_1963.wav,10.279002267573697
segment_693.wav,10.290022675736962
segment_1748.wav,10.291020408163265
segment_278.wav,10.293015873015873
segment_1804.wav,10.294013605442176
segment_2528.wav,10.296009070294785
segment_1285.wav,10.298004535147392
segment_2117.wav,10.30798185941043
segment_148.wav,10.30798185941043
segment_2269.wav,10.330022675736961
segment_239_1.wav,10.33297052154195
segment_488.wav,10.34
segment_1878.wav,10.34
segment_366_2.wav,10.353015873015874
segment_1825.wav,10.357006802721088
segment_549.wav,10.363990929705215
segment_1317.wav,10.381995464852608
segment_661.wav,10.391972789115647
segment_2328.wav,10.393968253968254
segment_913.wav,10.397006802721089
segment_2509.wav,10.398004535147392
segment_463.wav,10.405986394557823
segment_2517.wav,10.411020408163266
segment_446.wav,10.421995464852607
segment_1031.wav,10.429977324263039
segment_1499.wav,10.446984126984127
segment_1125.wav,10.479002267573696
segment_245.wav,10.481995464852607
segment_1776.wav,10.492018140589568
segment_84.wav,10.502993197278911
segment_233.wav,10.52
segment_575.wav,10.533015873015874
segment_1348.wav,10.536009070294785
segment_2490.wav,10.537006802721088
segment_2291.wav,10.546031746031746
segment_392.wav,10.559002267573696
segment_762.wav,10.56702947845805
segment_1077.wav,10.570022675736961
segment_2082.wav,10.584988662131519
segment_1455.wav,10.598004535147393
segment_883.wav,10.6
segment_1995_2.wav,10.609024943310658
segment_74.wav,10.610975056689343
segment_1663.wav,10.626031746031746
segment_234.wav,10.626984126984127
segment_386_1.wav,10.631972789115647
segment_514.wav,10.634013605442178
segment_1154.wav,10.644988662131519
segment_1290_1.wav,10.655963718820862
segment_28.wav,10.663990929705216
segment_510.wav,10.675963718820862
segment_353.wav,10.677006802721088
segment_988.wav,10.682993197278911
segment_1012.wav,10.682993197278911
segment_137.wav,10.685986394557823
segment_1030.wav,10.687029478458049
segment_955.wav,10.70498866213152
segment_1964.wav,10.708027210884353
segment_1799.wav,10.709024943310657
segment_2250.wav,10.714013605442178
segment_1929.wav,10.72498866213152
segment_1967.wav,10.731972789115646
segment_1446.wav,10.733015873015873
segment_1337.wav,10.774013605442176
segment_1703.wav,10.777006802721088
segment_753.wav,10.78498866213152
segment_2208.wav,10.817006802721089
segment_1220.wav,10.820997732426305
segment_160.wav,10.849977324263039
segment_1652.wav,10.85297052154195
segment_2164.wav,10.855963718820862
segment_1908.wav,10.863990929705215
segment_1982.wav,10.880997732426303
segment_2526.wav,10.882993197278912
segment_1782.wav,10.883990929705215
segment_472.wav,10.90798185941043
segment_1802.wav,10.918004535147393
segment_2003.wav,10.922993197278911
segment_975.wav,10.924036281179138
segment_857.wav,10.93297052154195
segment_373_2.wav,10.942993197278911
segment_1597.wav,10.94498866213152
segment_908.wav,10.957006802721088
segment_896.wav,10.96
segment_2491.wav,10.962993197278912
segment_979_1.wav,10.966984126984126
segment_1924.wav,10.973968253968254
segment_249.wav,10.978004535147392
segment_298.wav,10.982993197278912
segment_2199_1.wav,10.982993197278912
segment_578.wav,11.000997732426304
segment_235.wav,11.011020408163265
segment_439.wav,11.013015873015872
segment_496_2.wav,11.013015873015872
segment_425_1.wav,11.018956916099773
segment_967.wav,11.019002267573697
segment_925.wav,11.020997732426304
segment_2493.wav,11.022993197278911
segment_2132.wav,11.026984126984127
segment_2394.wav,11.030022675736962
segment_1566.wav,11.046984126984126
segment_1793.wav,11.04702947845805
segment_1281.wav,11.051020408163266
segment_311.wav,11.059002267573696
segment_2262.wav,11.063990929705215
segment_1584.wav,11.069024943310657
segment_176.wav,11.095963718820862
segment_613.wav,11.098956916099773
segment_1517.wav,11.121043083900227
segment_440.wav,11.123990929705215
segment_1247.wav,11.135963718820861
segment_2285.wav,11.138004535147392
segment_1944.wav,11.14
segment_1891.wav,11.143990929705215
segment_2312.wav,11.148027210884354
segment_2209.wav,11.156009070294784
segment_498.wav,11.16
segment_863_2.wav,11.16
segment_841.wav,11.173015873015872
segment_971.wav,11.177006802721088
segment_4.wav,11.18204081632653
segment_355.wav,11.18498866213152
segment_1272_1.wav,11.189977324263038
segment_1364_2.wav,11.194013605442176
segment_1117.wav,11.19501133786848
segment_2081.wav,11.209977324263038
segment_579.wav,11.23297052154195
segment_1831.wav,11.233015873015873
segment_945_2.wav,11.23501133786848
segment_408.wav,11.242993197278912
segment_948_2.wav,11.256009070294784
segment_1773.wav,11.262993197278911
segment_1402.wav,11.26498866213152
segment_1236.wav,11.268979591836734
segment_1140.wav,11.269024943310658
segment_927.wav,11.274965986394557
segment_1173.wav,11.27501133786848
segment_521.wav,11.280997732426304
segment_624.wav,11.286031746031746
segment_1795.wav,11.301995464852608
segment_1404.wav,11.309024943310657
segment_238.wav,11.320997732426305
segment_1010.wav,11.321995464852607
segment_218_2.wav,11.32798185941043
segment_2226.wav,11.335011337868481
segment_866.wav,11.343990929705216
segment_1965_2.wav,11.348979591836734
segment_1147.wav,11.357006802721088
segment_201_2.wav,11.358004535147392
segment_1653.wav,11.372018140589569
segment_41_1.wav,11.381995464852608
segment_1810.wav,11.38798185941043
segment_571.wav,11.396009070294784
segment_1071.wav,11.411972789115646
segment_399.wav,11.419002267573696
segment_113_1.wav,11.426984126984127
segment_107.wav,11.429024943310658
segment_2218.wav,11.440997732426304
segment_284.wav,11.46498866213152
segment_237.wav,11.470022675736962
segment_1400.wav,11.472018140589569
segment_1230.wav,11.481995464852607
segment_2188.wav,11.488027210884354
segment_1425.wav,11.488979591836735
segment_1853.wav,11.495963718820862
segment_1989.wav,11.497006802721089
segment_2274_1.wav,11.501995464852607
segment_179.wav,11.508979591836734
segment_683.wav,11.511972789115646
segment_112.wav,11.515011337868481
segment_1397.wav,11.517006802721088
segment_336.wav,11.523990929705215
segment_30_2.wav,11.530022675736962
segment_960.wav,11.53501133786848
segment_32.wav,11.541995464852608
segment_215.wav,11.548027210884353
segment_1952.wav,11.568027210884354
segment_1937.wav,11.571020408163266
segment_2149_2.wav,11.571020408163266
segment_214.wav,11.590975056689343
segment_453.wav,11.598004535147393
segment_433.wav,11.605986394557823
segment_397_2.wav,11.618004535147392
segment_1274.wav,11.62498866213152
segment_231_2.wav,11.645986394557823
segment_1145.wav,11.652018140589568
segment_836.wav,11.652018140589568
segment_65.wav,11.65297052154195
segment_1796.wav,11.670022675736961
segment_982_1.wav,11.673968253968255
segment_671.wav,11.674013605442177
segment_1406.wav,11.683990929705216
segment_838_2.wav,11.683990929705216
segment_1048.wav,11.700997732426304
segment_281.wav,11.711020408163265
segment_1770.wav,11.723990929705215
segment_332.wav,11.72498866213152
segment_2112.wav,11.744036281179138
segment_911.wav,11.765986394557823
segment_1822.wav,11.769977324263039
segment_1678.wav,11.776961451247166
segment_2432.wav,11.777006802721088
segment_2482.wav,11.789977324263038
segment_2327.wav,11.793015873015873
segment_236.wav,11.809977324263038
segment_2150_1.wav,11.814965986394558
segment_431.wav,11.82
segment_1766.wav,11.820997732426305
segment_891.wav,11.830022675736961
segment_374.wav,11.835011337868481
segment_1743.wav,11.85002267573696
segment_109.wav,11.86
segment_685.wav,11.87297052154195
segment_1260.wav,11.897006802721089
segment_1212_2.wav,11.897006802721089
segment_2136_1.wav,11.89795918367347
segment_1037_2.wav,11.898004535147392
segment_1574.wav,11.925986394557823
segment_1356.wav,11.93201814058957
segment_1332_1.wav,11.950975056689343
segment_810.wav,11.957006802721088
segment_19_2.wav,11.993015873015873
segment_486.wav,11.997006802721089
segment_2207_2.wav,12.008027210884354
segment_2039.wav,12.008027210884354
segment_119.wav,12.018004535147393
segment_1105.wav,12.020997732426304
segment_23_2.wav,12.048027210884353
segment_31_1.wav,12.054965986394558
segment_1243.wav,12.056009070294785
segment_1120.wav,12.064988662131519
segment_517.wav,12.064988662131519
segment_1873.wav,12.074013605442177
segment_232.wav,12.079002267573696
segment_1990.wav,12.080997732426304
segment_2321.wav,12.081995464852607
segment_2325.wav,12.084988662131519
segment_1627.wav,12.106984126984127
segment_318_2.wav,12.106984126984127
segment_522.wav,12.119002267573697
segment_1744_2.wav,12.125986394557824
segment_1066.wav,12.151972789115646
segment_485.wav,12.156009070294784
segment_1256_2.wav,12.160997732426305
segment_467.wav,12.160997732426305
segment_665.wav,12.171020408163265
segment_789.wav,12.183990929705216
segment_1351.wav,12.198004535147392
segment_1960.wav,12.216961451247165
segment_2093.wav,12.219002267573696
segment_1751_1.wav,12.225986394557824
segment_1772.wav,12.22997732426304
segment_2194.wav,12.23501133786848
segment_307.wav,12.23501133786848
segment_1512.wav,12.236009070294784
segment_196_1.wav,12.241995464852607
segment_1852.wav,12.253015873015872
segment_527.wav,12.257006802721088
segment_1712.wav,12.274965986394557
segment_2392.wav,12.289024943310658
segment_82.wav,12.306984126984126
segment_1893.wav,12.310022675736962
segment_969.wav,12.310022675736962
segment_2196_1.wav,12.313968253968254
segment_5_1.wav,12.321995464852607
segment_170.wav,12.322993197278912
segment_1255.wav,12.325986394557823
segment_2290.wav,12.32798185941043
segment_747.wav,12.333015873015873
segment_2300.wav,12.336009070294784
segment_1927.wav,12.337006802721088
segment_875.wav,12.345986394557823
segment_2406.wav,12.353015873015874
segment_61.wav,12.358004535147392
segment_1440.wav,12.370022675736962
segment_76.wav,12.380997732426303
segment_2422.wav,12.381995464852608
segment_998.wav,12.391972789115647
segment_269.wav,12.391972789115647
segment_432.wav,12.393015873015873
segment_166.wav,12.395963718820862
segment_980.wav,12.396961451247165
segment_819.wav,12.397006802721089
segment_2073.wav,12.43201814058957
segment_2439.wav,12.435011337868481
segment_345.wav,12.435011337868481
segment_1017.wav,12.435011337868481
segment_2210.wav,12.447981859410431
segment_13.wav,12.461995464852608
segment_1505.wav,12.483038548752834
segment_1510.wav,12.493015873015873
segment_2213_1.wav,12.494965986394558
segment_2202_2.wav,12.500997732426304
segment_2275.wav,12.51002267573696
segment_842.wav,12.513015873015872
segment_1723.wav,12.52
segment_42.wav,12.540997732426304
segment_1758.wav,12.546031746031746
segment_2364.wav,12.563990929705215
segment_2015_1.wav,12.583990929705216
segment_244_2.wav,12.593015873015872
segment_104_2.wav,12.621043083900227
segment_1234_1.wav,12.62498866213152
segment_181_2.wav,12.629977324263038
segment_1984.wav,12.633968253968254
segment_1616.wav,12.636009070294785
segment_427_2.wav,12.641995464852608
segment_1246.wav,12.658004535147393
segment_1162.wav,12.662993197278912
segment_2251.wav,12.666984126984127
segment_938_2.wav,12.675011337868481
segment_77.wav,12.686984126984127
segment_592.wav,12.703990929705215
segment_2273.wav,12.726984126984126
segment_2387.wav,12.728979591836735
segment_1288_2.wav,12.76204081632653
segment_228_1.wav,12.76498866213152
segment_1824.wav,12.768979591836734
segment_2421_2.wav,12.775963718820861
segment_1072.wav,12.780997732426304
segment_81.wav,12.792018140589569
segment_1058.wav,12.794965986394558
segment_1711.wav,12.810022675736962
segment_1429.wav,12.822993197278912
segment_274_1.wav,12.823990929705216
segment_1043.wav,12.842993197278911
segment_11_2.wav,12.860997732426304
segment_892.wav,12.865986394557822
segment_2167.wav,12.890975056689342
segment_1407.wav,12.903990929705216
segment_833.wav,12.913015873015873
segment_2369.wav,12.939002267573697
segment_260.wav,12.942993197278911
segment_405.wav,12.947981859410431
segment_1673.wav,12.95201814058957
segment_1275.wav,12.957006802721088
segment_1610.wav,12.969024943310657
segment_11_1.wav,12.994965986394558
segment_230.wav,12.998004535147393
segment_346.wav,13.033015873015874
segment_180_2.wav,13.037006802721088
segment_1288_1.wav,13.038956916099773
segment_1722.wav,13.039002267573697
segment_2502.wav,13.04498866213152
segment_2116.wav,13.050022675736962
segment_1228.wav,13.142993197278912
segment_303.wav,13.14798185941043
segment_2494.wav,13.158004535147393
segment_1336.wav,13.18
segment_1052.wav,13.185986394557823
segment_591_2.wav,13.190022675736962
segment_201_1.wav,13.191972789115646
segment_581.wav,13.197006802721088
segment_1586.wav,13.198004535147392
segment_1639.wav,13.20498866213152
segment_2371.wav,13.21297052154195
segment_1067.wav,13.216009070294785
segment_1903.wav,13.22
segment_806.wav,13.222040816326531
segment_1783.wav,13.240997732426305
segment_991_1.wav,13.246984126984128
segment_700.wav,13.253968253968255
segment_2320_2.wav,13.255011337868481
segment_132_1.wav,13.294965986394558
segment_1181.wav,13.301995464852608
segment_36_1.wav,13.305986394557824
segment_1816.wav,13.30798185941043
segment_103_1.wav,13.323990929705216
segment_275.wav,13.329024943310658
segment_1687.wav,13.347981859410432
segment_2408.wav,13.353015873015874
segment_2050.wav,13.354013605442177
segment_914_2.wav,13.355011337868481
segment_1149.wav,13.358004535147392
segment_2416.wav,13.363990929705215
segment_261.wav,13.36702947845805
segment_1180.wav,13.371020408163265
segment_136_1.wav,13.40798185941043
segment_1013.wav,13.42
segment_570.wav,13.437006802721088
segment_572_1.wav,13.450975056689343
segment_1304.wav,13.465986394557824
segment_2314.wav,13.466984126984126
segment_1115_2.wav,13.48
segment_1734_2.wav,13.5
segment_276.wav,13.515011337868481
segment_962.wav,13.531972789115645
segment_2341.wav,13.536009070294785
segment_1562.wav,13.550022675736962
segment_2025_2.wav,13.603038548752835
segment_2403.wav,13.616009070294785
segment_386_2.wav,13.62
segment_1296.wav,13.644036281179138
segment_1047.wav,13.646984126984126
segment_1021.wav,13.658004535147393
segment_1370.wav,13.660997732426305
segment_1719.wav,13.71795918367347
segment_1224.wav,13.718004535147392
segment_1826.wav,13.718004535147392
segment_421.wav,13.730975056689342
segment_2017.wav,13.731020408163266
segment_1567.wav,13.745986394557823
segment_1055.wav,13.749977324263039
segment_856.wav,13.753015873015872
segment_877.wav,13.779002267573697
segment_1000.wav,13.799002267573696
segment_1368.wav,13.813968253968254
segment_934.wav,13.82798185941043
segment_1715.wav,13.830022675736961
segment_304.wav,13.843990929705216
segment_272.wav,13.846031746031747
segment_38.wav,13.846984126984127
segment_406.wav,13.851020408163265
segment_997.wav,13.87501133786848
segment_438.wav,13.888979591836735
segment_482.wav,13.911972789115646
segment_2197_2.wav,13.92
segment_924.wav,13.992018140589568
segment_2301.wav,14.03201814058957
segment_280.wav,14.059002267573696
segment_2306.wav,14.063990929705215
segment_365.wav,14.06702947845805
segment_723.wav,14.071020408163266
segment_1032.wav,14.105986394557823
segment_1395.wav,14.111020408163265
segment_2261.wav,14.117006802721088
segment_167.wav,14.118004535147392
segment_506.wav,14.123990929705215
segment_620.wav,14.125034013605442
segment_1792_2.wav,14.13700680272109
segment_1046_2.wav,14.150022675736961
segment_295.wav,14.15297052154195
segment_72_2.wav,14.153015873015873
segment_1833.wav,14.156009070294784
segment_6.wav,14.158004535147393
segment_25.wav,14.159002267573696
segment_1941_2.wav,14.161995464852607
segment_9.wav,14.165986394557823
segment_255.wav,14.18
segment_1135.wav,14.191972789115646
segment_390.wav,14.212018140589569
segment_1915.wav,14.226984126984126
segment_1276.wav,14.22997732426304
segment_1534.wav,14.245986394557823
segment_2084.wav,14.250975056689342
segment_484.wav,14.281995464852608
segment_33.wav,14.293015873015873
segment_1201.wav,14.300997732426303
segment_418_2.wav,14.316009070294784
segment_1544.wav,14.32
segment_537.wav,14.353968253968254
segment_2485.wav,14.377006802721088
segment_1625.wav,14.39501133786848
segment_2449.wav,14.43002267573696
segment_286.wav,14.43201814058957
segment_343.wav,14.448027210884353
segment_1187.wav,14.498004535147393
segment_363.wav,14.533015873015874
segment_359.wav,14.541995464852608
segment_2169.wav,14.559002267573696
segment_1611.wav,14.578004535147393
segment_1583.wav,14.586984126984127
segment_972_2.wav,14.605986394557823
segment_1894.wav,14.633968253968254
segment_979_2.wav,14.643990929705215
segment_1668.wav,14.67201814058957
segment_2095.wav,14.691972789115646
segment_316.wav,14.69201814058957
segment_266_2.wav,14.731020408163266
segment_1069.wav,14.742993197278912
segment_1103.wav,14.755011337868481
segment_2313.wav,14.762993197278911
segment_973.wav,14.76498866213152
segment_931.wav,14.77501133786848
segment_1301.wav,14.777006802721088
segment_1840.wav,14.791972789115647
segment_497_2.wav,14.829977324263039
segment_1551.wav,14.83297052154195
segment_52.wav,14.835011337868481
segment_1731.wav,14.838004535147393
segment_949.wav,14.84
segment_395_2.wav,14.841995464852607
segment_1635.wav,14.85201814058957
segment_2527.wav,14.85201814058957
segment_2123_2.wav,14.931020408163265
segment_1581.wav,14.965986394557824
segment_262.wav,14.986984126984128
segment_248.wav,15.000997732426304
segment_12.wav,15.007981859410432
segment_918.wav,15.031020408163265
segment_928.wav,15.036009070294785
segment_2507.wav,15.059002267573696
segment_389.wav,15.086984126984127
segment_1128.wav,15.10498866213152
segment_2118.wav,15.105986394557823
segment_1791.wav,15.131972789115647
segment_2311.wav,15.201995464852608
segment_182.wav,15.207981859410431
segment_528.wav,15.22
segment_455_2.wav,15.243990929705216
segment_1057.wav,15.276009070294785
segment_223.wav,15.317006802721089
segment_164.wav,15.319002267573696
segment_1029.wav,15.343990929705216
segment_1665_2.wav,15.359002267573697
segment_15.wav,15.406984126984128
segment_380.wav,15.40798185941043
segment_983.wav,15.491020408163266
segment_21.wav,15.493015873015873
segment_1074.wav,15.499002267573696
segment_1312.wav,15.502993197278911
segment_362_2.wav,15.513015873015872
segment_409.wav,15.537006802721088
segment_454.wav,15.548979591836735
segment_1614.wav,15.549024943310657
segment_2395_2.wav,15.554013605442178
segment_2241.wav,15.582993197278912
segment_2497.wav,15.63297052154195
segment_2.wav,15.641995464852608
segment_1931.wav,15.642040816326531
segment_1063.wav,15.643990929705215
segment_240.wav,15.646031746031746
segment_1096_2.wav,15.653968253968253
segment_2085.wav,15.656009070294784
segment_158.wav,15.658004535147393
segment_629.wav,15.658004535147393
segment_385_2.wav,15.67201814058957
segment_520.wav,15.673015873015872
segment_2087.wav,15.69201814058957
segment_18_2.wav,15.760997732426304
segment_1996.wav,15.771972789115646
segment_2436.wav,15.774013605442176
segment_749.wav,15.802993197278912
segment_1278.wav,15.840997732426304
segment_259.wav,15.877006802721088
segment_87.wav,15.894013605442177
segment_263_2.wav,15.905986394557823
segment_1683_2.wav,15.913015873015873
segment_1847.wav,15.914013605442177
segment_2304.wav,15.915011337868481
segment_2107.wav,15.945986394557822
segment_1542_2.wav,15.96498866213152
segment_545.wav,15.965986394557824
segment_680.wav,15.98997732426304
segment_772_2.wav,16.008979591836734
segment_2323_2.wav,16.015963718820863
segment_681_2.wav,16.06997732426304
segment_200_2.wav,16.129977324263038
segment_2099_2.wav,16.816009070294786
segment_400_2.wav,16.895011337868482
segment_1540_2.wav,16.918004535147393
segment_279_2.wav,17.35800453514739
segment_2137_2.wav,17.373015873015873
segment_2499_2.wav,17.439002267573695
segment_195_2.wav,17.467981859410433
segment_604_2.wav,17.97201814058957
segment_1398_2.wav,18.039002267573697
segment_5_2.wav,18.368979591836734
segment_458_2.wav,18.605986394557824
segment_225_2.wav,18.989977324263037
segment_1528_2.wav,19.13800453514739
segment_379_2.wav,19.395011337868482
segment_915_2.wav,19.673015873015874
segment_2243_2.wav,20.14199546485261
segment_1858_2.wav,20.446984126984127
segment_1335_2.wav,20.593015873015872
segment_2383_2.wav,21.474013605442178
segment_1594_2.wav,22.01297052154195
segment_217_2.wav,22.33700680272109
segment_8_2.wav,22.785034013605443
segment_699_2.wav,23.053015873015873
segment_34_2.wav,25.66199546485261
segment_2015_2.wav,26.941995464852607
segment_227_2.wav,27.124988662131518
segment_154_2.wav,31.964988662131518
segment_1630_2.wav,32.599002267573695
